id,title,artists,date,image
18055949516710583,높은 별자리표,유희 · 김석주 · 주하늘,2026.06.05 금요일 20:00,202606\18055949516710583.jpg
17936555199251905,음악 책장 chapter 9,지애 · 담담,2026.06.04 목요일 20:00,202606\17936555199251905.jpg
18128320501593069,음악 책장 chapter 8,박나경 · 스원,2026.06.03 수요일 15:00,202606\18128320501593069.jpg
18111669515509821,찰칵,이재원 · 윤민서 · 오모,2026.05.31 일요일 19:30,202503\18111669515509821.jpg
18175961764392718,FREE!,Anrock · ZINN · DEFAULT.,2026.05.30 토요일 20:00,202605\18175961764392718.jpg
17939023857037079,종이를 접자~! with. 염소의 뿔 거인 심장!,이종서 · 이재경 · 염소의 뿔 거인 심장,2026.05.30 토요일 15:00,202605\17939023857037079.jpg
18118905811656571,On the way,PNR · BEIRUT TAXI,2026.05.29 금요일 20:00,202605\18118905811656571.jpg
18100648411830426,오월의 마지막 페이지,렌치 · 살포시 · 조수현,2026.05.28 목요일 20:00,202605\18100648411830426.jpg
18041732237566723,어썸나이트,이레이 · Novana Project · Valentine · You're mine,2026.05.26 화요일 20:00,202605\18041732237566723.jpg
17849662464695039,5252! OiOi!,롱타임노쉿 · 더베인,2026.05.25 월요일 19:30,202605\17849662464695039.jpg
17913160116185766,음악 책장 chapter 7,한울 · 신선혜,2026.05.25 월요일 15:00,202605\17913160116185766.jpg
18024528617810668,우리 젊음이 잃어버린 꿈이었대도,디 애프터 · 물결 · 파파더캅,2026.05.24 일요일 20:00,202605\18024528617810668.jpg
18333356770218232,春 : 봄날의 하루,뇨키 · 원재 (from sally everywhere) · 장키키 · 지애,2026.05.23 토요일 15:00,202605\18333356770218232.jpg
18090604043248897,초여름의 인사,워크웨어 · 퍼플웨일 · 난파란,2026.05.22 금요일 20:00,202605\18090604043248897.jpg
18049020722736385,음악 책장 chapter 6,신잔디 · 변하은,2026.05.21 목요일 20:00,202605\18049020722736385.jpg
18221008690316182,이륙,웨이크업핀 · 청록 · 아스라이,2026.05.20 수요일 20:00,202605\18221008690316182.jpg
18072262517662478,어썸나이트,영도 · 유찬 · Slo:E · 류기준,2026.05.19 화요일 20:00,202605\18072262517662478.jpg
18405692524151197,서교와 서로,박태욱 · 기묘말,2026.05.18 월요일 20:00,202605\18405692524151197.jpg
18082402946626890,둥글게 둥글게.,한울 · 살포시 · 아륜,2026.05.17 일요일 20:00,202605\18082402946626890.jpg
18092309576190175,MAY I?,이동운 · 이재은 · THE ATIC,2026.05.17 일요일 15:00,202605\18092309576190175.jpg
18336849649216960,야행록,Brokenteeth · Park tae wook · Daedong,2026.05.16 토요일 19:30,202605\18336849649216960.jpg
17886720657523991,월간 사랑: 5월호,보리 · 윤준,2026.05.16 토요일 15:00,202605\17886720657523991.jpg
17906085090402400,잔향,아티스트 · 홍대인 · mul,2026.05.15 금요일 20:00,202605\17906085090402400.jpg
18037934453596366,이륙,오륜구동 · 한울 · 박봉순 밴드,2026.05.13 수요일 20:00,202605\18037934453596366.jpg
18086705234053368,우리의 봄을 차곡차곡,최수웅 · 강진아 · 김초록,2026.05.13 수요일 20:00,202605\18086705234053368.jpg
18173215924406751,어썸나이트,이건일 · Lucas Colding · 신수정 · 이제원,2026.05.12 화요일 20:00,202605\18173215924406751.jpg
18087735470017586,서교와 서로,Soffee · DORI,2026.05.11 월요일 20:00,202605\18087735470017586.jpg
17856448575687646,it's time to stand up!!! SIDE B: NIGHT,몬도 · 조이풀스 · 오드,2026.05.10 일요일 20:00,202605\17856448575687646.jpg
18094294634144117,it's time to stand up!!! SIDE A: DAY,황찬욱 · 이종서 · 문석훈,2026.05.10 일요일 15:00,202605\18094294634144117.jpg
18006752885856229,파란 물티슈,이파란 · 물결 · 더티슈,2026.05.09 토요일 19:30,202605\18006752885856229.jpg
18078295889387693,오월의 청춘,모노플로 · 모우들,2026.05.09 토요일 15:00,202605\18078295889387693.jpg
17944851348178694,언플러그드 라운지 확장 및 이전 개관식,삼점일사 · 야사달 · 일루반 · O.O.O,2026.05.08 금요일 19:30,202605\17944851348178694.jpg
17932592247238590,음악 책장 chapter 5,쓰다 · 손효진,2026.05.07 목요일 20:00,202605\17932592247238590.jpg
18100407439954210,이륙,The ATIC · NVM · FLEET,2026.05.06 수요일 20:00,202605\18100407439954210.jpg
18105488410899073,음악 책장 chapter 4,보리 · 김목인,2026.05.05 화요일 20:00,202605\18105488410899073.jpg
18319913080265896,머묾,시오,2026.05.05 화요일 15:00,202605\18319913080265896.jpg
18047809238750195,서교와 서로,빈이 · 오혜인,2026.05.04 월요일 20:00,202605\18047809238750195.jpg
18576409723047647,DRILLING,KIWI · 컨티뉴드 · 어나더나잇,2026.05.03 일요일 19:00,202605\18576409723047647.jpg
17904086937402436,BANDGOTCHI,band wood · love is cycle · nanparan,2026.05.03 일요일 15:00,202605\17904086937402436.jpg
18167527303416310,변화구,두라니 · 나이트오브라이프타임,2026.05.02 토요일 20:00,202605\18167527303416310.jpg
18118285396649806,TAB TAB TAB!,차차 · 온다 · 세븐아워즈,2026.05.02 토요일 15:00,202605\18118285396649806.jpg
18090739495919777,RUSHHOUR,SERO · WORKWEAR,2026.05.01 금요일 20:00,202605\18090739495919777.jpg
17866370631527607,Cozy Room,희진 · 무화 · 가현,2026.04.30 목요일 20:00,202604\17866370631527607.jpg
17920875702318096,이륙,에코썸 · 취향상점 · blue is not blue,2026.04.29 수요일 20:00,202604\17920875702318096.jpg
18112934953818000,어썸나이트,영화 · 김종주 · 원예안 · 아리니,2026.04.28 화요일 20:00,202604\18112934953818000.jpg
18131101720550135,행복집,살포시 · 이종서,2026.04.26 일요일 19:00,202604\18131101720550135.jpg
18033538556603889,"SUNDAY, 3PM",딴지 · 화아 · 김윤희,2026.04.26 일요일 15:00,202604\18033538556603889.jpg
17941458699172262,FLOW GLOW,난파란 · 블루파프리카 · 조수현,2026.04.25 토요일 19:00,202604\17941458699172262.jpg
17954874609115809,echoes of new green: 新綠響,소실 · 수련 · 전지선,2026.04.24 금요일 20:00,202604\17954874609115809.jpg
18569506231051562,월간 사랑: 4월호,주하늘 · 박봉순,2026.04.23 목요일 20:00,202604\18569506231051562.jpg
17868116268599058,이륙,사운드웨이브 · 지베뉴,2026.04.22 수요일 20:00,202604\17868116268599058.jpg
18117519844727354,어썸나이트,최애리 · KINGBEE · 김부경 · 강새음,2026.04.21 화요일 20:00,202604\18117519844727354.jpg
18099780331779789,서교와 서로,구영 · 해나,2026.04.20 월요일 20:00,202604\18099780331779789.jpg
18085419440007680,나를 찾는 방법,한울 · 동화 · 규도,2026.04.19 일요일 20:00,202604\18085419440007680.jpg
18159113764385904,CONFETTI HIGH,THE JOYFOOLS · THE MOWS · FLEET,2026.04.18 토요일 20:00,202604\18159113764385904.jpg
17944400349155527,초대장,주은 · 오아베 · 오예린밴드,2026.04.18 토요일 15:00,202604\17944400349155527.jpg
18118269697652710,4월의 포크음악 APRIL FOLK,김나염 · 전기승 · 황성월,2026.04.16 목요일 20:00,202604\18118269697652710.jpg
17904103479393163,이륙,이다운 · 김종학,2026.04.15 수요일 20:00,202604\17904103479393163.jpg
18419097049131763,어썸나이트,초겨울 · 九里みほ · ZINO · 살포시,2026.04.14 화요일 20:00,202604\18419097049131763.jpg
18539277559068530,서교와 서로,동화 · 강진아,2026.04.13 월요일 20:00,202604\18539277559068530.jpg
18135442741519872,꽃반지를 접자~!,황찬욱 · 권결 · 삼월생,2026.04.12 일요일 19:30,202604\18135442741519872.jpg
17998659878911724-04,소리공방 어쿠스틱 특별 기획,듀포인트 · 롱타임노쉿 · 올드 잉글리쉬 쉽독,2026.04.12 일요일 15:00,202604\17998659878911724.jpg
18099440099483563,변화구,오펄스 · 샐리에브리웨어 · NO PARTY FOR SEOUL,2026.04.11 토요일 20:00,202604\18099440099483563.jpg
17998659878911724-03,소리공방 어쿠스틱 특별 기획,나로틱 · 언더플로우 · 폴리아모리,2026.04.11 토요일 15:00,202604\17998659878911724.jpg
18081615662057784,Stargazer,PNR · NVM · love is cycle,2026.04.10 금요일 20:00,202604\18081615662057784.jpg
17976567356997537,In Between,최서정 · 이재은 · 쿠라니,2026.04.09 목요일 20:00,202604\17976567356997537.jpg
18092120449886648,이륙,대동 · 모우들,2026.04.08 수요일 20:00,202604\18092120449886648.jpg
17895469719285628,어썸나이트,강겨울 · 예진 · 김별 · 솔립,2026.04.07 화요일 20:00,202604\17895469719285628.jpg
18319166704249295,서교와 서로,서승연 · 파란,2026.04.06 월요일 20:00,202604\18319166704249295.jpg
18032523359602557,규도 마을,김규도,2026.04.05 일요일 20:00,202604\18032523359602557.jpg
17998659878911724-02,소리공방 어쿠스틱 특별 기획,디지먼지 · 랜딩기어 · 포스트이너서클,2026.04.05 일요일 15:00,202604\17998659878911724.jpg
17914475007339070,escape!,회기본능 · 구구,2026.04.04 토요일 20:00,202604\17914475007339070.jpg
17998659878911724-01,소리공방 어쿠스틱 특별 기획,스위머스 · 릴리 잇 머신 · 제인과 산호초,2026.04.04 토요일 15:00,202604\17998659878911724.jpg
18174641086386167,청명,주우 · 온송,2026.04.03 금요일 20:00,202604\18174641086386167.jpg
18100096913305142,따스히,살포시 · 조영남 · 이재은 · 한이,2026.04.02 목요일 20:00,202604\18100096913305142.jpg
17984257505959136,이륙,파파더캅 · 안락밴드,2026.04.01 수요일 20:00,202604\17984257505959136.jpg
18089316029323006,어썸나이트,주리 (Joori) · 강은지 · 이소율 · Illgot (일갓),2026.03.31 화요일 20:00,202603\18089316029323006.jpg
18099570994980616,서교와 서로,신아영 · 김석주,2026.03.30 월요일 20:00,202603\18099570994980616.jpg
18018159083654548,3월 이대로 보낼 순 없어!,MIJI · FireFlies · love is cycle,2026.03.28 토요일 19:30,202603\18018159083654548.jpg
18112427884710469,딸기를 접자~!,임예송 · 장키키 · 담담,2026.03.28 토요일 15:00,202603\18112427884710469.jpg
18111147076670889,still here,산하 · 정오월,2026.03.27 금요일 20:00,202603\18111147076670889.jpg
17913401667310457,음악 책장 chapter 3,황찬욱 · 전지선,2026.03.26 목요일 20:00,202603\17913401667310457.jpg
17951804595097828,뚜벅 뚜벅,심재욱 · 단지 · 조수현,2026.03.25 수요일 20:00,202603\17951804595097828.jpg
18115584454620613,어썸나이트,KORB (코브) · 김아이 · 이연주,2026.03.24 화요일 20:00,202603\18115584454620613.jpg
18102687914484676,서교와 서로,김종학 · 등,2026.03.23 월요일 20:00,202603\18102687914484676.jpg
18080060507343130,taxi driver,Peace and Romance · ZINN · Echoes of Summer,2026.03.22 일요일 19:30,202603\18080060507343130.jpg
17938267650012404,어느 날...,주태중 · 구 · 김초록,2026.03.22 일요일 15:00,202603\17938267650012404.jpg
18084263603210093,변화구,여리밴드 · 조이풀스,2026.03.21 토요일 20:00,202603\18084263603210093.jpg
17904745203377809,3! 2! 1!,SUNSAT · The Riff · Replica dream,2026.03.21 토요일 15:00,202603\17904745203377809.jpg
18073032710170965,first page,대동 · 한울 (밴드셋) · 컨티뉴드,2026.03.20 금요일 20:00,202603\18073032710170965.jpg
18068453858634127,음악 책장 chapter 2,황종엽 · 전유동,2026.03.19 목요일 20:00,202603\18068453858634127.jpg
18095676451952309,이륙,권결밴드 · 최수웅,2026.03.18 수요일 20:00,202603\18095676451952309.jpg
18080945342201667,어썸나이트,송호령 · 신수정 · 박열현,2026.03.17 화요일 20:00,202603\18080945342201667.jpg
17853949770629152,서교와 서로,유희 · 최수웅,2026.03.16 월요일 20:00,202603\17853949770629152.jpg
18060039791657618,물고기를 접자~!,디지먼지 · 미래로,2026.03.15 일요일 20:00,202603\18060039791657618.jpg
18100404689305006,오늘 하루: Log 01,황찬욱 · 권강혁,2026.03.15 일요일 15:00,202603\18100404689305006.jpg
18098998927916355,하얗고 달콤하게,The After · Aell · The Mows,2026.03.14 토요일 19:30,202603\18098998927916355.jpg
17849271240683532,사탕은 사랑을 싣고,영롱 · 삼월생 · 리코,2026.03.14 토요일 15:00,202603\17849271240683532.jpg
17926954332071035,슈퍼 문 우쿠렐레,효림 · 지애,2026.03.13 금요일 19:30,202603\17926954332071035.jpg
17897110371407848,슈퍼 문 우쿠렐레,효림 · 지애,2026.03.13 금요일 19:30,202603\17897110371407848.jpg
17957388042059942,음악 책장 chapter 1,모래 · 장여름,2026.03.12 목요일 20:00,202603\17957388042059942.jpg
18099487606908119,이륙,세로 · 난파란,2026.03.11 수요일 20:00,202603\18099487606908119.jpg
18100532101913954,어썸나이트,류기준 · 헤일리 · DAIM (다임),2026.03.10 화요일 20:00,202603\18100532101913954.jpg
17904287439374835,서교와 서로,시연 · 송민석,2026.03.09 월요일 20:00,202603\17904287439374835.jpg
18002506265893040,MAKE IT,웰컴투초초랜드 · 안락밴드 · NVM,2026.03.08 일요일 20:00,202603\18002506265893040.jpg
18100751015486935,MAKE IT,어린이보호구역 · 에코썸 · 온도,2026.03.08 일요일 15:00,202603\18100751015486935.jpg
18078106229340925,회상,한성일 · 이동현,2026.03.07 토요일 20:00,202603\18078106229340925.jpg
17917327014271812,Thaw,박준하 · 고윤 · 김석주,2026.03.07 토요일 15:00,202603\17917327014271812.jpg
17844936921679970,첫 단추,주우 · 담담 · 기묘말,2026.03.06 금요일 20:00,202603\17844936921679970.jpg
18060838679666911,MY TAPE,살포시 · 윤석훈,2026.03.05 목요일 20:00,202603\18060838679666911.jpg
18073187597622412,이륙,FireFlies · Go Straight N' Turn Right,2026.03.04 수요일 20:00,202603\18073187597622412.jpg
18126284917492389,어썸나이트,나음 · 유찬 · 진서위 · 이주호,2026.03.03 화요일 20:00,202603\18126284917492389.jpg
18107988415687887,저희 게릴라 콘서트 합니다!,이파란,2026.03.02 월요일 19:00,202603\18107988415687887.jpg
17876083131524824,저희 게릴라 콘서트 합니다!,이파란,2026.03.02 월요일 19:00,202603\17876083131524824.jpg
18168537160392745,Crescendo #6,권하은 · 모시 · 장밥풀 · 시연,2026.03.01 일요일 20:00,202603\18168537160392745.jpg
17848686807649170,열기구,여다원 · 정민혜 · 최수웅,2026.03.01 일요일,202603\17848686807649170.jpg
17997026312885210,변화구,구구 (GuGu) · SWELL CITY · Wakeupfinn,2026.02.28 토요일 20:00,202602\17997026312885210.jpg
17960608692020278,토마토를 접자~!,구인 · 예일,2026.02.28 토요일 15:00,202602\17960608692020278.jpg
18330871930173420,Crescendo #5,나음 · 김재훈 · 박서희 · 초현,2026.02.27 금요일 20:00,202602\18330871930173420.jpg
18089589976859410,BLACK PLANET,파이어플리스 · 퍼플웨일 · 조이풀스,2026.02.26 목요일 20:00,202602\18089589976859410.jpg
18057427439675287,행복집,산하 · 동화 · 김초록,2026.02.25 수요일 20:00,202602\18057427439675287.jpg
18068369783536454,어썸나이트,신우 · 단비 · 류기준 · BLUE WHAILL,2026.02.24 화요일 20:00,202602\18068369783536454.jpg
18523642192069808,서교와 서로 - 김종주와 이종후의 이야기,김종주 · 이종후,2026.02.23 월요일 20:00,202602\18523642192069808.jpg
18334309090246027,Bloodlike,eeajik · hansol,2026.02.22 일요일 20:00,202602\18334309090246027.jpg
17943511926106885,눈꽃을 접자~!,지애 · 박수아 · 윤준,2026.02.22 일요일 15:00,202602\17943511926106885.jpg
18102079942856633,CARPE DIEM,난파란 · ONDO,2026.02.21 토요일 19:30,202602\18102079942856633.jpg
18089970902095183,Folk U The End,원니 · 김늑 · 생각의 여름,2026.02.21 토요일 15:00,202602\18089970902095183.jpg
18085052386909602,"STAND-UP DAY 설, 날",표적군단 · 웰컴투초초랜드,2026.02.18 수요일 20:00,202602\18085052386909602.jpg
18104660242698536,정오별점,모우들 · 러브이즈사이클,2026.02.15 일요일 14:30,202602\18104660242698536.jpg
18215673118314257,our valentines,수 (sooth) · 이종서 · 신아영,2026.02.14 토요일 19:30,202602\18215673118314257.jpg
18058704062654618,사랑을 한 스푼,삼월생 · 구기훈 · 손혜은,2026.02.14 토요일 15:00,202602\18058704062654618.jpg
18088696577007951,에게,담담 · 화아 · 상하,2026.02.13 금요일 20:00,202602\18088696577007951.jpg
17963671500041467,"Before Valentine's Day,,",anrock · aeil,2026.02.12 목요일,202602\17963671500041467.jpg
18029177516589113,방울 방울,신선혜 · 슬 · 강진아,2026.02.11 수요일 20:00,202602\18029177516589113.jpg
18095159431765602,어썸나이트,서린 · 라윤 · tonyryu,2026.02.10 화요일 20:00,202602\18095159431765602.jpg
17846063703660281,서교와 서로 - 홍준영과 한동규의 이야기,홍준영 · 한동규,2026.02.09 월요일 20:00,202602\17846063703660281.jpg
18068836913160973,eternally? 영원? 永遠?,김석주 · 기묘말 · 박수아,2026.02.08 일요일 20:00,202602\18068836913160973.jpg
17850781911655289,WHEN I WAS YOUNG,김성준 · 김정현,2026.02.07 토요일 19:30,202602\17850781911655289.jpg
18089289646863545,이륙(26),서승연 · 동화 · 임예송,2026.02.06 금요일 20:00,202602\18089289646863545.jpg
17905235784344999,MY TAPE,The After · Soundwave,2026.02.05 목요일 20:00,202602\17905235784344999.jpg
17941587962979824,어썸나이트,새해 · 김종주 · 문시연 · 서나나,2026.02.03 화요일 20:00,202602\17941587962979824.jpg
18104894800775360,avant-garde guerilla,우륵과 조무래기들,2026.02.02 월요일 20:00,202602\18104894800775360.jpg
17992626755861065,sounds from 天王星: 차가운 행성의 메아리,퍼슈 · 김반월키 · 손서정,2026.01.31 토요일 20:00,202601\17992626755861065.jpg
18059492255655167,내 친구를 소개합니다!!,슬 · 조서현 · 삼월생 · 한동규,2026.01.31 토요일 15:00,202601\18059492255655167.jpg
18096527869901463,True Colors,아스라이 · 퍼플웨일,2026.01.30 금요일 20:00,202601\18096527869901463.jpg
17943687044966056,MY TAPE,급한노새 · 안락밴드,2026.01.29 목요일 20:00,202601\17943687044966056.jpg
18049983851465832,AROMA FANTASY Episode. 42,유희 · 동화 · 쿠라니,2026.01.28 수요일 20:00,202601\18049983851465832.jpg
18110019364629536,어썸나이트,늘 · Slo:E · 채윤,2026.01.27 화요일 20:00,202601\18110019364629536.jpg
18063501113270304,서교와 서로 - 박해원과 구기훈의 이야기,박해원 · 구기훈,2026.01.26 월요일 20:00,202601\18063501113270304.jpg
18052601804674817,時節因緣,love is cycle · 물결 · Sunsat,2026.01.25 일요일 20:00,202601\18052601804674817.jpg
17920695519236335,this coming year...,천둥오리 · 오피아,2026.01.24 토요일 20:00,202601\17920695519236335.jpg
18103574641740646,BEGINNING,NVM · The Riff · ONDO,2026.01.24 토요일 15:00,202601\18103574641740646.jpg
17975741975813703,나랑노랑 ep. Jan,신도현 · 주하늘 · 아라,2026.01.23 금요일 19:30,202601\17975741975813703.jpg
17939877797984326,정오별점,기묘말 · 언더플로우,2026.01.23 금요일 14:30,202601\17939877797984326.jpg
KakaoTalk_20260916_010855432,MY TAPE,박나경 · 산하,2026.01.22 목요일 20:00,202601\KakaoTalk_20260916_010855432.jpg
18046956527492644,어썸나이트,규규 · 달 위의 콜린스 · 그리즈부스,2026.01.20 화요일 20:00,202601\18046956527492644.jpg
18299486653278317,서교와 서로 - 구인과 수은의 이야기,구인 · 수은,2026.01.19 월요일 20:00,202601\18299486653278317.jpg
18064914743395191,Ἀτλαντίς,Go Straight N' Turn Right · IDIOTS · The Smir,2026.01.18 일요일 19:00,202601\18064914743395191.jpg
18120104281489610,틈,모우들 · 미래로,2026.01.17 토요일 20:00,202601\18120104281489610.jpg
18076876667263096,버섯마을,난파란 · love is cycle,2026.01.17 토요일 15:00,202601\18076876667263096.jpg
17897142975367503,너로 정했어! Ep.2,구구 · 김초록 · 박태욱,2026.01.16 금요일 14:30,202601\17897142975367503.jpg
KakaoTalk_20260916_011159955,MY TAPE,서스픽스 · 파파더캅,2026.01.15 목요일 20:00,202601\KakaoTalk_20260916_011159955.jpg
18504636601074248,AROMA FANTASY Episode. 40,백유경 · eeajik,2026.01.14 수요일 20:00,202601\18504636601074248.jpg
17892863358390094,어썸나이트,김종주 · 초현 · 네온더키즈 · 뜸뜨름부르스,2026.01.13 화요일 20:00,202601\17892863358390094.jpg
18093644074822101,서교와 서로 - 남기준과 glowmoss의 이야기,남기준 · glowmoss,2026.01.12 월요일 20:00,202601\18093644074822101.jpg
18075952778582175,일 1 ONE WORK,박해원 · 살포시 · 바니쉬,2026.01.11 일요일 19:00,202601\18075952778582175.jpg
18138110362482874,클로버를 접자~!,이종서 · 김석주 · 김혁산,2026.01.11 일요일 15:00,202601\18138110362482874.jpg
17933518563146283-02,낮과 밤이 흐르는 시간,뇨키 · 천둥오리 · 조이풀스 · 샐리에브리웨어,2026.01.10 토요일 19:30,202601\17933518563146283.jpg
17933518563146283-01,낮과 밤이 흐르는 시간,단지 · 심재욱 · 담담 · 뇨키,2026.01.10 토요일 15:00,202601\17933518563146283.jpg
18127859830457587,너로 정했어!,슬 · 지애 · 신아영,2026.01.09 금요일 14:30,202601\18127859830457587.jpg
18103924822676583,MY TAPE,윤준 · 삼월생,2026.01.08 목요일 20:00,202601\18103924822676583.jpg
18093514457311971,어썸나이트,준 그린 · 심재묵 · 닷별 · 유찬,2026.01.06 화요일 20:00,202601\18093514457311971.jpg
18158929024405615,서교와 서로 - BADA와 Sugarspots의 이야기,BADA · Sugarspots,2026.01.05 월요일 20:00,202601\18158929024405615.jpg
18087259832476751,행복집,주우 · 구구 · 무이야드,2026.01.04 일요일 19:00,202601\18087259832476751.jpg
17995680896854684,행복집,주우 · 구구 · 무이야드,2026.01.04 일요일 19:00,202601\17995680896854684.jpg
18063739601198791,행복숲,영롱 · 조소현,2026.01.04 일요일 15:00,202601\18063739601198791.jpg
17995479467851347,마법학교 마법학과,FUTUREPEERCLUB · CONTINEWU · FLEET,2026.01.03 토요일 20:00,202601\17995479467851347.jpg
18074231786196262,ENDING CREDIT,MULGYEOL · THE MOWS · YEORI,2025.12.31 수요일 20:00,202512\18074231786196262.jpg
18432265534129526,꿈과 침과 힘과 벽,김현산 · 신도현 · 수 · 박태욱,2025.12.29 월요일 20:00,202512\18432265534129526.jpg
18075443924192080,직진본능 pt2,이디어츠 · 굿나잇 스탠드 · 러브 이즈 사이클,2025.12.28 일요일 19:00,202512\18075443924192080.jpg
17985744311867032,지나온 날,Echoes of Summer · SERO · E.HEH,2025.12.28 일요일 15:00,202512\17985744311867032.jpg
17861084250478832,The End,the smir · the riff · the after,2025.12.26 금요일 20:00,202512\17861084250478832.jpg
18084136811475964,디저트는 달콤해야 해-!,김초록 · 이종서 · 윤석훈,2025.12.25 목요일 19:00,202512\18084136811475964.jpg
18048179099650771,"첫눈에게, 겨울의 하얀 설렘을 담아",이시온 · 낙원,2025.12.24 수요일 20:00,202512\18048179099650771.jpg
17857146594569786,어썸나이트,이문득 · 주리 · 청하나,2025.12.23 화요일 20:00,202512\17857146594569786.jpg
18086979070972221,서교와 서로 - 류기준과 문시연의 이야기,류기준 · 문시연,2025.12.22 월요일 20:00,202512\18086979070972221.jpg
17933901756131621,별빛 & 눈결,김수 & 포이즈 · 오영 · 이아직,2025.12.21 일요일 19:00,202512\17933901756131621.jpg
18150693637424119,햇살 & 눈꽃,기묘말 · 손효진 · 수은,2025.12.21 일요일 15:00,202512\18150693637424119.jpg
17860818261539282,거짓소리,모노디즘 · 스키틀즈 · 폴리아모리,2025.12.20 토요일 20:00,202512\17860818261539282.jpg
18095768005861370,파도소리,예일 · 시오 · 푸른,2025.12.20 토요일 16:00,202512\18095768005861370.jpg
18083193173032702,종이소리,영롱 · 삼월생 · 김현산,2025.12.20 토요일 12:30,202512\18083193173032702.jpg
18079200559908461,MIRRY MERRY,신아영 · 성해빈 · 이지혁,2025.12.19 금요일 20:00,202512\18079200559908461.jpg
18092726728914578,나랑노랑 Ep. X-mas,여다원 · 주우 · 황찬욱 · 슬,2025.12.19 금요일 15:00,202512\18092726728914578.jpg
18062805569561282,MY TAPE,구구 · 장세현 · 최광일,2025.12.18 목요일 20:00,202512\18062805569561282.jpg
18102481012672327,어썸나이트,김별 · 시윤 · 현모,2025.12.16 화요일 20:00,202512\18102481012672327.jpg
18153812203416722,서교와 서로 - 오피아와 너울시의 이야기,오피아 · 너울시,2025.12.15 월요일 20:00,202512\18153812203416722.jpg
17955484550900951,所願; (unfulfilled wishes) yearning,동화 · 최오현 · 박서현,2025.12.14 일요일 20:00,202512\17955484550900951.jpg
18543850426058630,흐르지 못한 것들,문준,2025.12.13 토요일 19:00,202512\18543850426058630.jpg
18047602487441774,내 친구를 소개합니다!!,Rosie · 강진아 · 박나경,2025.12.13 토요일 15:00,202512\18047602487441774.jpg
17890384620385407,Starlight : 별빛,이토마토 · 파파더캅 · Rustcat,2025.12.12 금요일 20:00,202512\17890384620385407.jpg
18385836565177616,MY TAPE,김민규 (Aeil) · 김민준 (Aeil) · 박준하 (The Riff) · 한영 (에코썸),2025.12.11 목요일 20:00,202512\18385836565177616.jpg
18211356910311659,AROMA FANTASY Episode. 38,보리 · 효림 · 담담,2025.12.10 수요일 20:00,202512\18211356910311659.jpg
18002492618681505,어썸나이트,김종주 · 강새음 · 오다흘 · 김수아,2025.12.09 화요일 20:00,202512\18002492618681505.jpg
18032063756727331,서교와 서로 - 니하와 손서정의 이야기,니하 · 손서정,2025.12.08 월요일 20:00,202512\18032063756727331.jpg
17950901862048371,MUSIC EXIT,플릿 · 일루반 · 더픽처스,2025.12.07 일요일 19:00,202512\17950901862048371.jpg
18071750192584153,정오별점,더스미어 · 삼월생,2025.12.07 일요일 14:30,202512\18071750192584153.jpg
17901186300161683,다 같이 돌자!,더티슈,2025.12.06 토요일 20:00,202512\17901186300161683.jpg
17846475645605315,Folk U Ep.5,장여름 · 산하 · 슬,2025.12.06 토요일 15:00,202512\17846475645605315.jpg
17879121282331931,도쿄상회,문빛 · 오아잇 · 소각소각,2025.12.05 금요일 20:00,202512\17879121282331931.jpg
17868704895468596,MY TAPE,박수아 · 안성현 · 한솔,2025.12.04 목요일 20:00,202512\17868704895468596.jpg
18061596836200844,AROMA FANTASY Episode. 37,Sooth · 공 · Lis,2025.12.03 수요일 20:00,202512\18061596836200844.jpg
18071245580461548,어썸나이트,외인 · 지효재 · 심재욱 · 박대인,2025.12.02 화요일 20:00,202512\18071245580461548.jpg
18075559933973109,서교와 서로 - 소호섭과 예서인의 이야기,소호섭 · 예서인,2025.12.01 월요일 20:00,202512\18075559933973109.jpg
18338646175224430,D-32,YOON SUKHUN · CHOI YOONYOUNG · WELCOME TO CHOCHOLAND,2025.11.30 일요일 19:30,202511\18338646175224430.jpg
18430617760111689,종이비행기,하뭉 · 임예송 · 김초록,2025.11.29 토요일 19:30,202511\18430617760111689.jpg
17923508223158972,길,leepyeongjon · 빈스프라우트 · 파파더캅,2025.11.28 금요일 20:00,202511\17923508223158972.jpg
18024321872751659,MY TAPE,황찬욱 · 한동규,2025.11.27 목요일 20:00,202511\18024321872751659.jpg
18084056135073409,AROMA FANTASY Episode. 36,미래로 · 언더플로우 · 표적군단,2025.11.26 수요일 20:00,202511\18084056135073409.webp
18073833149350376,어썸나이트,금예슬 · 살포시 · 김나염 · 레반밴드,2025.11.25 화요일 20:00,202511\18073833149350376.jpg
17858308932549914,서교와 서로 - 살포시와 백유경의 이야기,살포시 · 백유경,2025.11.24 월요일 20:00,202511\17858308932549914.jpg
17882454954294263,JOY!,The Joyfools · Big jeeq,2025.11.23 일요일 19:00,202511\17882454954294263.jpg
18083525752793005,직진본능,OLD ENGLISH SHEEPDOG · NVM · POSTINNERCIRCLE,2025.11.22 토요일 19:00,202511\18083525752793005.jpg
17978112077776957,Now PLAYING,문희찬 · 신예훈 · 이범진 · 이한 · 이호찬 · 조가희 · 한예진,2025.11.22 토요일 15:00,202511\17978112077776957.jpg
18283787227302405,Rainbow!,더리프 (The Riff) · 마이샐러드데이즈 (My Salad Days) · 모든 (Modn),2025.11.21 금요일 20:00,202511\18283787227302405.jpg
17906982078256040,MY TAPE,수피 · 최여원,2025.11.20 목요일 20:00,202511\17906982078256040.jpg
18059932661210793,AROMA FANTASY Episode. 35,지애 · 원예안 · 김시온,2025.11.19 수요일 20:00,202511\18059932661210793.jpg
18344969617206518,어썸나이트,동화 · 최민규 · 재훈 · 불과사이,2025.11.18 화요일 20:00,202511\18344969617206518.jpg
17889828141242951,서교와 서로 - 장여름과 김철강의 이야기,장여름 · 김철강,2025.11.17 월요일 20:00,202511\17889828141242951.jpg
18003261794671311,sounds from 地球: 파란 행성의 소리들,이아직 · 퍼플코인,2025.11.16 일요일 20:00,202511\18003261794671311.jpg
18319382494300390,정류장 Vol.3,이파란 · 더스미어 · 유,2025.11.16 일요일 15:00,202511\18319382494300390.jpg
17892106050359615,포근하게,리코 · 홍대인 · 김이불,2025.11.14 금요일 20:00,202511\17892106050359615.jpg
18487474606078449,MY TAPE,변하은 · Hangman's Tree,2025.11.13 목요일 20:00,202511\18487474606078449.jpg
18182251552340032,AROMA FANTASY Episode. 34,오렌지섬 · Rosie · 윤준,2025.11.12 수요일 20:00,202511\18182251552340032.jpg
18110837794576757,어썸나이트,단비 · 세란 · 문병현,2025.11.11 화요일 20:00,202511\18110837794576757.jpg
18047298998667311,서교와 서로 - 이인규와 남달리의 이야기,이인규 · 남달리,2025.11.10 월요일 20:00,202511\18047298998667311.jpg
17848240485546906,우리의: 이야기,치선 · 영선 · 기묘말,2025.11.09 일요일 20:00,202511\17848240485546906.jpg
18090293377907234,사랑의 한 떨기,박지지 · 신아영 · 빈이,2025.11.08 토요일 19:30,202511\18090293377907234.jpg
18376952755199424,UFO IS REAL,ROOFTOP PATIO · LIS · NEARBY,2025.11.08 토요일 15:00,202511\18376952755199424.jpg
17916121917196252,방울 방울,단지 · 주우 · 박나경,2025.11.07 금요일 20:00,202511\17916121917196252.jpg
17900643141278656,MY TAPE,김석주 · 무이야드,2025.11.06 목요일 20:00,202511\17900643141278656.jpg
18159030337383290,AROMA FANTASY Episode. 33,에이다인 · 오예본 · 안락밴드,2025.11.05 수요일 20:00,202511\18159030337383290.jpg
18334912600229893,어썸나이트,신혜원 · 오다흘 · 가경,2025.11.04 화요일 20:00,202511\18334912600229893.jpg
17960772336009301,서교와 서로 - 민수현과 손다연의 이야기,민수현 · 손다연,2025.11.03 월요일 20:00,202511\17960772336009301.jpg
17986549853909051,My Love Letter...,nnn · 에코썸,2025.11.02 일요일 19:30,202511\17986549853909051.jpg
17901798450146490,정류장 Vol.2,시로라 · 더야외 · 유,2025.11.02 일요일 15:00,202511\17901798450146490.jpg
18079885435990561,타인의 밤,경계 · 제인과 산호초 · 포스트이너서클,2025.11.01 토요일 20:00,202511\18079885435990561.jpg
17921531856160629,우리도 함께이고,구기훈,2025.11.01 토요일 15:00,202511\17921531856160629.jpg
18095717797685575,WEE WEE Happy Halloween,UNXL · GGCP,2025.10.31 금요일 20:00,202510\18095717797685575.jpg
18422456449108958,MY TAPE,김현산 · 주시온 · 주하늘,2025.10.30 목요일 20:00,202510\18422456449108958.jpg
17983957745894774,AROMA FANTASY Episode. 32,박태욱 · 회기본능,2025.10.29 수요일 20:00,202510\17983957745894774.jpg
17989860149717718,내 친구를 소개합니다!!,황찬욱 · 최혜빈 · 석나영,2025.10.28 화요일 19:30,202510\17989860149717718.jpg
18090752800837043,서교와 서로 - 수와 빈이의 이야기,수 · 빈이,2025.10.27 월요일 20:00,202510\18090752800837043.jpg
18026504090741801,AEROCK 愛樂,언더플로우 · 박휘노 · 김선겸,2025.10.26 일요일 15:00,202510\18026504090741801.jpg
18088306129888812,춤을 추며 As We Dance,구 · YIPPEE,2025.10.25 토요일 20:00,202510\18088306129888812.jpg
18069279257000255,Freedom!,Zivenew · The Joyfools · love is cycle,2025.10.25 토요일 15:00,202510\18069279257000255.jpg
18060297773398938,Fall To You,물결 · 이파란 · 언 앤 데어,2025.10.24 금요일 20:00,202510\18060297773398938.jpg
18022815713755811,STANDING NEXT TO YOU Vol.6 Fucking Punk,틸더 · 표적군단,2025.10.23 목요일 20:00,202510\18022815713755811.jpg
18529222315029606,마이크 잡아먹는 날,라바토리 · 복밴드 · 리뎀션스,2025.10.22 수요일 20:00,202510\18529222315029606.jpg
17944017768062691,어썸나이트,九里みほ (구노리 미호) · 하루 · 장밥풀,2025.10.21 화요일 20:00,202510\17944017768062691.jpg
18133107880416894,서교와 서로 - 주태중과 조영남과 한이와 이토마토의 이야기,주태중 · 조영남 · 한이 · 이토마토,2025.10.20 월요일 20:00,202510\18133107880416894.jpg
18126115171477331,2인칭 시점,이아직 · 오영 · 장세현,2025.10.18 토요일 19:00,202510\18126115171477331.jpg
18140869345429648,Folk U Ep.4,최재웅 · 이종서 · 민채영 · 재균,2025.10.18 토요일 15:00,202510\18140869345429648.jpg
17980812626862539,AROMA FANTASY Episode. 31,권결밴드 · 주우 · 백야,2025.10.15 수요일 20:00,202510\17980812626862539.jpg
18060994919129940,어썸나이트,채정우 · 류주영 · 오윤 · 안다나,2025.10.14 화요일 20:00,202510\18060994919129940.jpg
18138050920444220,서교와 서로 - 김쿨과 미선의 이야기,김쿨 · 미선,2025.10.13 월요일 20:00,202510\18138050920444220.jpg
17961385427992525,도쿄상회,백야 · 서노아,2025.10.12 일요일 19:00,202510\17961385427992525.jpg
17979801752873795,SONGBIRDS,아울즈 · 레이븐즈 · 천둥오리,2025.10.11 토요일 20:00,202510\17979801752873795.jpg
17894617503334924,Folk U Ep.3,노아윤 · 아야와스카 · 삼월생,2025.10.11 토요일 15:00,202510\17894617503334924.jpg
18379032997176307,IOIO In Our Ideal Orbit,wood · sevenhours · echoes of summer,2025.10.10 금요일 20:00,202510\18379032997176307.jpg
18353514103089846,MY TAPE,윤형준 · 나무소년,2025.10.09 목요일 20:00,202510\18353514103089846.jpg
18023575082729336,"우리 함께, 추석",파파더캅 · 롱타임노쉿 (어쿠스틱 셋) · 아스라이,2025.10.08 수요일 19:30,202510\18023575082729336.jpg
17982468728860634,어썸나이트,동화 · 송호령 · 조춘쿠키,2025.10.07 화요일 20:00,202510\17982468728860634.jpg
18070778729158232,Radiant,NVM · W!SH · SERO,2025.10.05 일요일 19:30,202510\18070778729158232.jpg
18061185107608548,도쿄상회,김석주 · 민조 · 산하,2025.10.04 토요일 19:00,202510\18061185107608548.jpg
18162869632374775,AUTUMN CLASSIC & JAZZ,Rowanmusic,2025.10.04 토요일 15:00,202510\18162869632374775.jpg
18134848096399308,정류장 Vol.1,S!O · 방카슈랑스 · 유,2025.10.03 금요일 19:30,202510\18134848096399308.webp
17884784973240899,ㅈㅜㄴ,심각한 개구리 · 모든 · 윤준,2025.10.03 금요일 15:00,202510\17884784973240899.jpg
17848519812527403,준 준 준,심각한 개구리 · 모든 · 윤준,2025.10.03 금요일 15:00,202510\17848519812527403.jpg
18010025771616874,MY TAPE,박태욱 · 신아영 · 우희준,2025.10.02 목요일 20:00,202510\18010025771616874.jpg
18079113457799660,AROMA FANTASY Episode. 30,팁시 · 청하나 · 디 아틱,2025.10.01 수요일 20:00,202510\18079113457799660.webp
18076356908054801,어썸나이트,지원클로버 · 향인 · 세진 · 예진,2025.09.30 화요일 20:00,202509\18076356908054801.jpg
18076261418288190,서교와 서로 - The Story of 김휠 & 우린,김휠 · 우린,2025.09.29 월요일 20:00,202509\18076261418288190.jpg
17891691813323224,Folk U Ep.2,이고요 · 기묘말 · 소실,2025.09.28 일요일 15:00,202509\17891691813323224.jpg
18077313685996743,SUMMER SENTIMENTALISM,Mysaladdays · 장서현 · 시모야,2025.09.27 토요일 19:30,202509\18077313685996743.jpg
18182112655329668,우리의 꿈,빈스프라우트 · 이해 · 차차,2025.09.26 금요일 20:00,202509\18182112655329668.jpg
18077336783493150,MY TAPE,아스라이 · 언더플로우,2025.09.25 목요일 20:00,202509\18077336783493150.jpg
18077699467966966,AROMA FANTASY Episode. 29,스무공일 · 우주왕복선싸이드미러 · 김재헌,2025.09.24 수요일 20:00,202509\18077699467966966.jpg
18091261810774015,어썸나이트,살포시 · 손줄리 · 동화,2025.09.23 화요일 20:00,202509\18091261810774015.jpg
17883556152366660,서교와 서로 - 오영과 Boxy Tarantula의 이야기,오영 · Boxy Tarantula,2025.09.22 월요일 20:00,202509\17883556152366660.jpg
18075501170512956,소음예술,백색소음 · 행간,2025.09.21 일요일 19:00,202509\18075501170512956.jpg
17978439929753412,GOLDEN HEART - WELCOME TO CHO CHO LAND,CHOI YOONYOUNG,2025.09.20 토요일 19:30,202509\17978439929753412.jpg
18040451108666752,新世界,신아영 · 이서 · 로지,2025.09.20 토요일 15:00,202509\18040451108666752.jpg
18528412402059985,WE LIKE 2 PARTY,UINONE · LIS · REPLICA DREAM,2025.09.19 금요일 19:30,202509\18528412402059985.jpg
17869318875351531,MY TAPE,Sero · The Riff · The Smir,2025.09.18 목요일 20:00,202509\17869318875351531.jpg
17896947450279901,AROMA FANTASY Episode.28,한가 · 파파더캅(어쿠셋) · 차차,2025.09.17 수요일 20:00,202509\17896947450279901.jpg
18088899910698919,어썸나이트,Bennie · 윤서 · 여다원,2025.09.16 화요일 20:00,202509\18088899910698919.jpg
18088755364826087,서교와 서로 - 이아직과 류수환의 이야기,이아직 · 류수환,2025.09.15 월요일 20:00,202509\18088755364826087.jpg
18085983916655588,거짓말 왕국,기묘말 · 갓잎,2025.09.14 일요일 19:00,202509\18085983916655588.jpg
17860178673420981,Folk U Ep.1,사기소멸 · 김초원 · 주태중,2025.09.13 토요일 15:00,202509\17860178673420981.jpg
18066962737979037,ENERGIZER,여리밴드 · 샐리에브리웨어 · 김늑,2025.09.13 토요일,202509\18066962737979037.jpg
17912477400056426,MY TAPE,김초록 · 민채영 · 슬,2025.09.11 목요일 20:00,202509\17912477400056426.jpg
18040048910391798,AROMA FANTASY Episode.27,최애리 · 배유나 · 주오,2025.09.10 수요일 20:00,202509\18040048910391798.jpg
17917855677038743,어썸나이트,청산 · 이재원 · 최오현,2025.09.09 화요일 20:00,202509\17917855677038743.jpg
18287455372285658,서교와 서로 - 길찬호와 유하의 이야기,길찬호 · 유하,2025.09.08 월요일 20:00,202509\18287455372285658.jpg
18037173464436288-02,Mela! Our Mela! Woven Together by Music,nyokki · W!SH · 물결 · 이디어츠,2025.09.07 일요일 19:00,202509\18037173464436288.jpg
18037173464436288-01,Mela! Our Mela! Woven Together by Music,주시온 · 김석주 · 박태욱 · 기묘말 · nyokki,2025.09.07 일요일 14:00,202509\18037173464436288.jpg
18069031583149137,네모의 꿈,효림 · 영롱 · 미티,2025.09.06 토요일 19:30,202509\18069031583149137.jpg
17897410605274641,The end of Summer,The Riff · 이파란 · 윤준,2025.09.06 토요일 15:00,202509\17897410605274641.jpg
18151651027389758,우리의: 밤,주우 · 김석주 · 신아영,2025.09.05 금요일 20:00,202509\18151651027389758.jpg
18060257849345414,MY TAPE,Rosie · Yeon seo,2025.09.04 목요일 20:00,202509\18060257849345414.jpg
18071573140893232,AROMA FANTASY Episode.26,quinn_ · 황찬욱 · 심각한 개구리,2025.09.03 수요일 20:00,202509\18071573140893232.jpg
18047453756305646,어썸나이트,허버트 · 휘 · 오렌지섬 · 가경,2025.09.02 화요일 20:00,202509\18047453756305646.jpg
17923850432997708,서교와 서로 - The Story of 홍태연 & 홍준영,홍태연 · 홍준영,2025.09.01 월요일 20:00,202509\17923850432997708.jpg
18494501500068310,난장,LAVATORY · DIRTY SHOE · DADADA,2025.08.30 토요일 19:00,202508\18494501500068310.jpg
17916836925118922,하하하,박준하 · 주하늘 · 하몽,2025.08.29 금요일 19:00,202508\17916836925118922.jpg
17939989559919702,ENDLESS SUMMER,김도후 · 박준영 · 스무공일,2025.08.28 목요일 20:00,202508\17939989559919702.jpg
18075271754507756,AROMA FANTASY Episode.25,온송 · 최여원,2025.08.27 수요일 20:00,202508\18075271754507756.jpg
18174781633345650,어썸나이트,한주 · 수현 · 동네브라더스 · 헤엄,2025.08.26 화요일 20:00,202508\18174781633345650.jpg
18094065229648617,서교와 서로 - 최광일&양상상의 이야기 (feat. 이시후),최광일 · 양상상 · 이시후,2025.08.25 월요일 20:00,202508\18094065229648617.jpg
18076745687315989-02,외계인 침공시 제일 먼저 잡아먹힌다,복밴드 · 베이루트 택시 · 마이샐러드 데이즈,2025.08.24 일요일 19:30,202508\18076745687315989.jpg
18076745687315989-01,외계인 침공시 제일 먼저 잡아먹힌다,이토마토 · 승연 · 김초록,2025.08.24 일요일 15:00,202508\18076745687315989.jpg
17861911116443980,ZION,김시온 · 이시온 · 주시온,2025.08.23 토요일 19:00,202508\17861911116443980.jpg
17903408391231105,결,구기훈 · 삼월생 · 구구,2025.08.23 토요일 15:00,202508\17903408391231105.jpg
17889281748316315,Jellyfish,Thesmir · Mulgyeol · Leeparan,2025.08.22 금요일 19:30,202508\17889281748316315.jpg
18063731576242750,나랑노랑 ep.8,권결 · rosie · 슬,2025.08.22 금요일 15:00,202508\18063731576242750.jpg
17890372746183156,소다맛 하루 VOL.3,신썸머 · 김윤희 · 임예송,2025.08.20 수요일 19:30,202508\17890372746183156.jpg
18390541972143314,어썸나이트,예진 · 권상우 · 기연 · 김서현,2025.08.19 화요일 20:00,202508\18390541972143314.jpg
18040556612359801,서교와 서로 - 정오월&백은수의 이야기,정오월 · 백은수,2025.08.18 월요일 20:00,202508\18040556612359801.jpg
17869824720410703,수다방,O.A.BE · wakeuppinn · ten · 신드롬,2025.08.17 일요일,202508\17869824720410703.jpg
18052892939429320,LOVE YA!,LOVE IS CYCLE · asraii · SERO,2025.08.16 토요일 19:30,202508\18052892939429320.jpg
18072864803009886,음악을 처방해드립니다 여덟 번째 시리즈,레플리카 드림,2025.08.16 토요일 15:00,202508\18072864803009886.jpg
18080018266907551,소다맛 하루 VOL.2,주태중 · 최창순 · 최수용,2025.08.13 수요일 19:30,202508\18080018266907551.jpg
18123062308475134,어썸나이트,온언 · 김종주 · 한노트 · 오선지팔레트,2025.08.12 화요일 20:00,202508\18123062308475134.jpg
18036985256401352,서교와 서로 - The Story of Saree & Taylor McIntosh,Saree · Taylor McIntosh,2025.08.11 월요일 20:00,202508\18036985256401352.jpg
18086209504703227,Que será será,Long Time No Shit · POSER · The Joyfools,2025.08.10 일요일 19:00,202508\18086209504703227.jpg
17843648394537544,"To. 愛... 전하지 못한 진심을 담아,",담담 · 지애 · 슬,2025.08.09 토요일 15:00,202508\17843648394537544.jpg
18146189464400883,88 INFINITY,NOLLFLOWER · LIF · S!O,2025.08.08 금요일 19:30,202508\18146189464400883.jpg
18028285889501159,CRESCENDO,슬기 · 수임 · 이상민 · 주오,2025.08.07 목요일 20:00,202508\18028285889501159.jpg
18032471768466707,소다맛 하루 vol.1,정수진 · 백유경 · 최여원,2025.08.06 수요일 20:00,202508\18032471768466707.jpg
18184275694324379,어썸나이트,감성돔 · 아랑 · 달위의콜린스 · Okhwa,2025.08.05 화요일 20:00,202508\18184275694324379.jpg
18073116925832968,GUERRILLA CONCERT,주우 · 바다연 · 주하늘 · 기묘말,2025.08.02 토요일 19:30,202508\18073116925832968.jpg
18079174345809864,STILL RUNNING,CLOUD FACTORY · IDIOTS · SALLY EVERYWHERE,2025.07.31 목요일 20:00,202507\18079174345809864.jpg
18026986451695555,필必멸滅,이파란 · 복밴드 · 플릿,2025.07.30 수요일 20:00,202507\18026986451695555.jpg
18032963696477750,어썸나이트,구영 · 전설화 · 시월애 · 구,2025.07.29 화요일 20:00,202507\18032963696477750.jpg
17882409222342177,서교와 서로 - 김이음&이나리의 이야기,김이음 · 이나리,2025.07.28 월요일 20:00,202507\17882409222342177.jpg
18348971716083249,Solace,산하 · 로지 · 무이야드,2025.07.27 일요일 19:00,202507\18348971716083249.jpg
17885583261320917,Unwritten Riot,NONI band · BIG JEEQ,2025.07.26 토요일 20:00,202507\17885583261320917.jpg
18088526935735656,클래식(食) 7월 코스,르아또,2025.07.26 토요일 15:00,202507\18088526935735656.jpg
18088812712589099,SUMMER WAVE,김도현 · 권결 · 사기소멸,2025.07.25 금요일 20:00,202507\18088812712589099.jpg
18131482177388957,新世界,난파란 · 워크웨어,2025.07.25 금요일 15:00,202507\18131482177388957.jpg
17980063259849589,Drink Sound!,기묘말 · 우희준,2025.07.24 목요일,202507\17980063259849589.jpg
18067931725895026,Drink Sound!,기묘말 · 우희준,2025.07.24 목요일,202507\18067931725895026.jpg
17936703429044315,AROMA FANTASY,영롱 · O.A.Be · The Riff,2025.07.23 수요일 20:00,202507\17936703429044315.jpg
18046868708565755,어썸나이트,브로콜릭 · 진아 · 서영 · wavex,2025.07.22 화요일 20:00,202507\18046868708565755.jpg
18122715121411270,서교와 서로 - 최재욱&정다인의 이야기,최재욱 · 정다인,2025.07.21 월요일 20:00,202507\18122715121411270.jpg
17962924754790717,OUR HOUR,SERO · BEIRUT TAXI · The NOYA,2025.07.20 일요일 19:00,202507\17962924754790717.jpg
18143348401396429,STANDING NEXT TO YOU Vol.5,차차 · 롱타임노쉿,2025.07.19 토요일 20:00,202507\18143348401396429.jpg
18071619466819883,여름꽃,키키 · 온송 · 화아,2025.07.19 토요일,202507\18071619466819883.jpg
18059168513029234,MOOD CELLAR SYNDROME,미티 · 나무소년 · 권그린,2025.07.18 금요일 19:30,202507\18059168513029234.jpg
18082365664832359,어썸나이트,이지훈 · 사해 · 동화 · 박서현,2025.07.15 화요일 20:00,202507\18082365664832359.jpg
18080858458828471,서교와 서로 - 더티슈&여리밴드의 이야기,더티슈 · 여리밴드,2025.07.14 월요일 20:00,202507\18080858458828471.jpg
18509854003019181,Slow Eve...,윤준 · 낙원,2025.07.13 일요일 19:00,202507\18509854003019181.jpg
17898195159235706,DANCE - SUNANDMER 2ND SOLO CONCERT,SUNANDMER,2025.07.12 토요일 19:00,202507\17898195159235706.jpg
18539865961016258,LOVERS CLUB,LeePaRan · The Smir · S!o,2025.07.12 토요일 15:00,202507\18539865961016258.jpg
18059121806222303,여름 밤의 꿈,슬 · 이서 · 지애,2025.07.11 금요일,202507\18059121806222303.jpg
17959135928798510,Drink Sound!,산하 · 주태중 · 동화,2025.07.10 목요일,202507\17959135928798510.jpg
18059156444465968,AROMA FANTASY,하영 · Rustcat · 김현산,2025.07.09 수요일 20:00,202507\18059156444465968.jpg
18053456261522320,어썸나이트,신혜원 · 오프롬 · 후 · 사랑,2025.07.08 화요일 20:00,202507\18053456261522320.jpg
17960703677944484,서교와 서로 - 기묘말&서진주의 이야기,기묘말 · 서진주,2025.07.07 월요일 20:00,202507\17960703677944484.jpg
18064382798471343,아홉가지 꿈 - The First 'Zivenew' Album SHOWCASE,Zivenew,2025.07.06 일요일 20:00,202507\18064382798471343.jpg
18073642351819739,아홉가지 꿈 - The First 'Zivenew' Album SHOWCASE,Zivenew,2025.07.06 일요일 20:00,202507\18073642351819739.jpg
17889972381265717,Banana Smoke,황찬욱 · 로지 · 주시온 · 얼음에는 바나나스모크,2025.07.06 일요일 15:00,202507\17889972381265717.jpg
18090694975716869,음악을 (처방) 해드립니다 - 물결의 첫 번째 단독 공연,물결,2025.07.05 토요일 20:00,202507\18090694975716869.jpg
18068878081997535,Greenish,E.HEH · Sero · OmO,2025.07.05 토요일 15:00,202507\18068878081997535.jpg
17957423240953205,HI HELLO,THE RIFF · DADADA · ROSAI IN HURRY,2025.07.04 금요일 19:30,202507\17957423240953205.jpg
17896287417235077,나랑노랑 ep.7,이재은 · 황찬욱 · 여다원 · 유은찬,2025.07.04 금요일 15:00,202507\17896287417235077.jpg
17951812031842049,SING SONG 4 U,,2025.07.03 목요일 20:00,202507\17951812031842049.jpg
18278741329257628,AROMA FANTASY,초림 · 퀜치 · 강진아,2025.07.02 수요일 20:00,202507\18278741329257628.jpg
17895145653126796,어썸나이트,김서현 · 이림 · 카더라 · 바바사,2025.07.01 화요일 20:00,202507\17895145653126796.jpg
17869764336388142,Shall We Guitar?,BOK · CHOI CHANG SOON · LEE DONG HYUN,2025.06.30 월요일,202506\17869764336388142.jpg
18096743731507622,READY GET SET GO!,기묘말 · 윤준 · 더티슈,2025.06.29 일요일 14:00,202506\18096743731507622.jpg
18035075321349361,Rock & Look!,westedorages · upstar,2025.06.28 토요일 19:00,202506\18035075321349361.jpg
18009427709590676,클래식(食) 6월 코스,라우닛,2025.06.28 토요일 15:00,202506\18009427709590676.jpg
17849257416469748,FOR REST,주우 · 신썸머 · 스무공일,2025.06.27 금요일 20:00,202506\17849257416469748.jpg
18056360159041459,Drink Sound! Cassis Frappe,Bokband · 원예안,2025.06.26 목요일,202506\18056360159041459.jpg
17923163520066090,AROMA FANTASY,한동규 · 정승수밴드 · 원니,2025.06.25 수요일 20:00,202506\17923163520066090.jpg
17877406794246037,어썸나이트,고민 · 이사금 · 낙화 · 펑크에듀클럽,2025.06.24 화요일 20:00,202506\17877406794246037.jpg
18083539993688136,combination of various colors,KIM CHO WON · KWON JANG HYEOK,2025.06.23 월요일 20:00,202506\18083539993688136.jpg
18073238188933151,深夜行,The Redemptions · Sweet Gasoline · Paper Cruise,2025.06.22 일요일 20:00,202506\18073238188933151.jpg
18300852394174614,SUMMER IS NOW,에일 · 시오 · 레플리카 드림,2025.06.22 일요일 15:00,202506\18300852394174614.jpg
18066160271104243,SING SONG 4 U,,2025.06.21 토요일 19:30,202506\18066160271104243.jpg
18063342626511845,B.B.C! Band Boom is coming,KyuDo · LeeParan · Lis,2025.06.21 토요일 15:00,202506\18063342626511845.jpg
17997210611794645,흐림주의보,Dim · Jinchang · Notmybass,2025.06.20 금요일 20:00,202506\17997210611794645.jpg
17887820685269610,Drink Sound! June Bug,오영 · Umzi · Adyne,2025.06.19 목요일,202506\17887820685269610.jpg
17898313059212456,AROMA FANTASY,WISH · 마이샐러드데이즈 · 플릿,2025.06.18 수요일 20:00,202506\17898313059212456.jpg
17852715537463916,어썸나이트,최애리 · 김민지 · 박휘노 · 언더플로우,2025.06.17 화요일 20:00,202506\17852715537463916.jpg
18065172722089670,서교와 서로 - 찬온&정비의 이야기,찬온 · 정비,2025.06.16 월요일 20:00,202506\18065172722089670.jpg
18165711952345217,규도 : 음악을 처방해드립니다,규도,2025.06.14 토요일 20:00,202506\18165711952345217.jpg
18065848937102669,Sunspill,Echoes of Summer · The Grapes · SEVENHOURS,2025.06.14 토요일 15:00,202506\18065848937102669.jpg
18061281748908616,Drink Sound! China Blue,몽글 · 무이야드 · 스크린스,2025.06.12 목요일,202506\18061281748908616.jpg
18006572483592501,AROMA FANTASY,우희준 · 하몽 · 최수용,2025.06.11 수요일 20:00,202506\18006572483592501.jpg
18096986806515421,어썸나이트,청하나 · 심재욱 · 한호 · 레이븐즈,2025.06.10 화요일 20:00,202506\18096986806515421.jpg
17957968646949193,서교와 서로 - 동화&이종서의 이야기,동화 · 이종서,2025.06.09 월요일 20:00,202506\17957968646949193.jpg
18030771596404977,BFF-!,변현지 · 황찬욱 · 연서,2025.06.08 일요일 20:00,202506\18030771596404977.jpg
18064532915040254,여름산책,신아영 · 사기소멸 · 효림,2025.06.08 일요일 15:00,202506\18064532915040254.jpg
18056510123194036,NOISE HERO 등장 의 서막,스킵잭 · 클라프 · 베이루트 택시,2025.06.07 토요일,202506\18056510123194036.jpg
18033695210368500,기타가 있는 수필,이상웅 · 김성준 · 기묘말,2025.06.06 금요일 19:30,202506\18033695210368500.jpg
17884985094276573,나랑노랑 ep.6,장키키 · 한동규 · 바다연 · 김도현,2025.06.06 금요일 15:00,202506\17884985094276573.jpg
18029573510433583,CLASSIC STREET,LITTLE GANGSTERS · Han Hee Do,2025.06.05 목요일 20:00,202506\18029573510433583.jpg
18074711149807648,AROMA FANTASY,이병현 · 오프더로드 · 유나밴드,2025.06.04 수요일 20:00,202506\18074711149807648.jpg
18058462463174439,서교와 서로 - 사기소멸&유형준의 이야기,사기소멸 · 유형준,2025.06.02 월요일 20:00,202506\18058462463174439.jpg
17854318416389677,푸른 바다의 속도로,더스미어 · nnn · 에코썸,2025.06.01 일요일 14:00,202506\17854318416389677.jpg
17988981731806695,계절의 우리,서박 · 백유경 · 정소요 · 주태중,2025.05.31 토요일 20:00,202505\17988981731806695.jpg
18064310453020784,Spotlight,OmO(오모) · 지베뉴 · love is cycle,2025.05.30 금요일 20:00,202505\18064310453020784.jpg
17962869668868058,Drink Sound! Pina colada,닻별 · 콩 · oait,2025.05.29 목요일,202505\17962869668868058.jpg
18084386491728842,AROMA FANTASY,최윤영 · 물결 · 일명월,2025.05.28 수요일 20:00,202505\18084386491728842.jpg
17994871157821692,어썸나이트,외인 · 페이지원 · 미생,2025.05.27 화요일 20:00,202505\17994871157821692.jpg
17952136967970804,UNPL LOUNGE BUSKING,,2025.05.25 일요일 19:00,202505\17952136967970804.jpg
18003818516603498,STANDING NEXT TO YOU Vol.4,이디어츠 · 샐리에브리웨어,2025.05.24 토요일 20:00,202505\18003818516603498.jpg
17958943298925668,나타샤 : 음악을 처방해드립니다,나타샤,2025.05.24 토요일 15:00,202505\17958943298925668.jpg
17958006623928249,Monochrome - SHADES OF SOUND,THE OWLS · WAKEUPFINN · PURPLEWHALE,2025.05.23 금요일 20:00,202505\17958006623928249.jpg
18193468201308837,초대장,카일리 · 미우 · 예지 · 재형 · 서준 · 현석,2025.05.22 목요일 20:00,202505\18193468201308837.jpg
18188511931310300,AROMA FANTASY,나무소년 · 니트,2025.05.21 수요일 20:00,202505\18188511931310300.jpg
17966962943904664,어썸나이트,원예안 · 기태 · 구도 · 송호령,2025.05.20 화요일 20:00,202505\17966962943904664.jpg
18074445475841614,서교와 서로,페이퍼라이프 · 플린,2025.05.19 월요일 20:00,202505\18074445475841614.jpg
18029823275385852,파란 오월의 여름,이파란 · 정오월 · 신썸머,2025.05.18 일요일 19:30,202505\18029823275385852.jpg
18042080630611525,Strum,박준하 · 권장혁 · 사기소멸,2025.05.17 토요일 19:00,202505\18042080630611525.jpg
18108236077489715,미쳐 B-RO!,이준행 · 김시온 · 허웅,2025.05.17 토요일 15:00,202505\18108236077489715.jpg
18027592187430677,INCEPTION,BAND.DEFAULT · polyamory · rosai.in.hurry,2025.05.16 금요일,202505\18027592187430677.jpg
17920288899080326,Drink Sound! Long Island Iced Tea,이재은 · 이토록 평범한 존재 · 헤아린,2025.05.15 목요일,202505\17920288899080326.jpg
17870122170258924,AROMA FANTASY,산하 · 이토마토 · 윤혁준,2025.05.14 수요일 20:00,202505\17870122170258924.jpg
18029056340430698,어썸나이트,렐릿 · 우연히 · 동화 · 심재욱,2025.05.13 화요일 20:00,202505\18029056340430698.jpg
18002504726768000,In the making...,The Riff · Kyudo · Sun&Mer,2025.05.10 토요일 15:00,202505\18002504726768000.jpg
18143115967375974,Drink Sound! Mango Margarita,기연 · 이준행 · 황찬욱,2025.05.08 목요일,202505\18143115967375974.jpg
17913074723999101,AROMA FANTASY,김석주 · 로지 · 안진영,2025.05.07 수요일 20:00,202505\17913074723999101.jpg
17870735922245339,토마토,로지 · 오림 · 삼아,2025.05.06 화요일 15:00,202505\17870735922245339.jpg
17869424304357921,서교와 서로 - 빈채 & 모란의 이야기,빈채 · 모란,2025.05.05 월요일 17:00,202505\17869424304357921.jpg
17985747908657640,Breezes of May,시오 · 규도 · 물결,2025.05.04 일요일 19:00,202505\17985747908657640.jpg
17861773230387947,나랑노랑 ep.5,주우 · 서노아 · 성아지 · 임예송,2025.05.04 일요일 14:30,202505\17861773230387947.jpg
17962826390872648,밴드 집합/集合,권결 · BOK(복) · 정승수,2025.05.03 토요일 19:00,202505\17962826390872648.jpg
18090203200522301,Frequency,세로 · 윤준 · love is cycle,2025.05.03 토요일 15:00,202505\18090203200522301.jpg
17843788164463283,OiOi!,BEIRUT TAXI · LONGTIMENOSHIT,2025.05.02 금요일 19:30,202505\17843788164463283.jpg
17918518368083275,Drink Sound! Apple mint sour,수인 · 하프타치오 · 성에낀냉장고,2025.05.01 목요일,202505\17918518368083275.jpg
17879606724186482,AROMA FANTASY,기묘말 · 오영 · 김도형,2025.04.30 수요일 20:00,202504\17879606724186482.jpg
18088009834623929,어썸나이트,단비 · 파란 · 구도 · homest@y,2025.04.29 화요일 20:00,202504\18088009834623929.jpg
17937897806877717,I AM PIERROT,PARK TAEWOOK · NATASHA · NANPARAN,2025.04.26 토요일 19:30,202504\17937897806877717.jpg
17884752717246450,Our Little Summer 우리의 작은 여름,전해주,2025.04.25 금요일 20:00,202504\17884752717246450.jpg
18031633031632048,Our Little Summer 우리의 작은 여름으로,전해주,2025.04.25 금요일 20:00,202504\18031633031632048.jpg
18007274993561878,Drink Sound! S'more sound,일명월 · 아스라이 · 골든도넛,2025.04.24 목요일,202504\18007274993561878.jpg
17937703986003518,AROMA FANTASY,문재균 · 권결 · umzi,2025.04.23 수요일 20:00,202504\17937703986003518.jpg
17842817985472026,어썸나이트,배정용 · 전설화 · Soffee · 네온더키즈,2025.04.22 화요일 20:00,202504\17842817985472026.jpg
18083312893633866,서교와 서로 CLIP.42,벤디시온 · 윤환,2025.04.21 월요일 20:00,202504\18083312893633866.jpg
18040148441566568,Doom Chit!,회기본능 · 사운드웨이브 · 하이스쿨드랍아웃,2025.04.20 일요일 19:00,202504\18040148441566568.jpg
18139430635383971,4월의 편지,온송 · 류이수 · 민채영,2025.04.19 토요일 15:00,202504\18139430635383971.jpg
18001898036750109,RUN IT!!,KIWI · 시오밴드 · 지베뉴,2025.04.19 토요일,202504\18001898036750109.jpg
17901964695051294,Drink Sound! Orange Blossom,김쿨 · 나노말,2025.04.17 목요일,202504\17901964695051294.jpg
17873617410303234,AROMA FANTASY,퍼플웨일 · The strange lovers · 이파란,2025.04.16 수요일 20:00,202504\17873617410303234.jpg
18492980560056880,어썸나이트,카코유포니 · 손지섬 · 유은찬 · 실내일기,2025.04.15 화요일 20:00,202504\18492980560056880.jpg
18491969530028619,서교와 서로 CLIP.41,슬 · 이미애,2025.04.14 월요일 20:00,202504\18491969530028619.jpg
18057631610474323,Lucky!,나타샤 · 이상웅,2025.04.12 토요일 15:00,202504\18057631610474323.jpg
17842631640447309,ENTER THE CODE,OAIT · GGCP · SEVENHOURS,2025.04.11 금요일 20:00,202504\17842631640447309.jpg
18072258247843100,AROMA FANTASY,홈스테이 · love is cycle · 에코썸,2025.04.09 수요일 20:00,202504\18072258247843100.jpg
18064629556808338,어썸나이트,서노아 · 예진 · 동화 · 김서로,2025.04.08 화요일 20:00,202504\18064629556808338.jpg
18096595324533324,서교와 서로 CLIP.40,주태중 · 노아윤,2025.04.07 월요일 20:00,202504\18096595324533324.jpg
18074711986696837,봄 한 송이,박연 · 복다진,2025.04.06 일요일 14:00,202504\18074711986696837.jpg
18386921656117350,SEEK MORE,규도 · 레플리카 드림 · 심각한 개구리,2025.04.05 토요일 19:30,202504\18386921656117350.jpg
18490744432044812,4월은 너의 거짓말,근처 · 소란하는 밤,2025.04.04 금요일,202504\18490744432044812.jpg
18083701480627038,Rainlight,gikuhasi · himinn,2025.04.03 목요일 20:00,202504\18083701480627038.jpg
17862825864282703,AROMA FANTASY,삼월생 · 슬 · 김규도,2025.04.02 수요일 20:00,202504\17862825864282703.jpg
17878615986273136,MORSE 330,그림하일드 · 더 그레이프스 · 스티커몬어드벤처,2025.03.30 일요일 19:00,202503\17878615986273136.jpg
17871004020221349,Wish,블루진 · love is cycle · 더 리프,2025.03.30 일요일 15:00,202503\17871004020221349.jpg
17957515988912137,밤의 소리 거리의 노래,나타샤 · 물결 · 난파란,2025.03.29 토요일 20:00,202503\17957515988912137.jpg
18033957680536011,매듭,여름스웨터,2025.03.29 토요일,202503\18033957680536011.jpg
18007626269535904,Drink Sound! Apple cinnamon highball,이토마토 · 소란하는 밤,2025.03.27 목요일,202503\18007626269535904.jpg
17949038873808574,AROMA FANTASY,네버마인드 · 세로 · 오예린밴드,2025.03.26 수요일 20:00,202503\17949038873808574.jpg
18059341769104587,어썸나이트,주우 · 온언 · 하렴 · 인센스,2025.03.25 화요일 20:00,202503\18059341769104587.jpg
18053110853179473,서교와 서로 CLIP.39,니하 · 김수,2025.03.24 월요일 20:00,202503\18053110853179473.jpg
18056038298041870,¡Conmigo!,DENIMKIDS · NANPARAN · KYUDO,2025.03.23 일요일 15:00,202503\18056038298041870.jpg
18063151765768562,음악을 처방해드립니다 - 참깨와 솜사탕 편,참깨와 솜사탕,2025.03.22 토요일 20:00,202503\18063151765768562.jpg
18033012719284395,BalGWANG,리프 · 품바21,2025.03.21 금요일 19:30,202503\18033012719284395.jpg
17912795780985055,AROMA FANTASY,더스미어 · 나타샤 · 산보,2025.03.19 수요일 20:00,202503\17912795780985055.jpg
18042989210119260,어썸나이트,진아 · 김아이 · 성에낀냉장고 · 사랑,2025.03.18 화요일 20:00,202503\18042989210119260.jpg
18068684605859051,서교와 서로 CLIP.38,잉걸불 · 온언,2025.03.17 월요일 20:00,202503\18068684605859051.jpg
18034015622562270,夜間飛行,MODN · LOVE IS CYCLE · REPLICA DREAM,2025.03.15 토요일 19:00,202503\18034015622562270.jpg
18393046876102175,From.,Rosie · 이상웅 · 김규도,2025.03.15 토요일 15:00,202503\18393046876102175.jpg
17881751007249725,Drink Sound! Apple cinnamon highball,시안 · 최오현 · 조수현,2025.03.13 목요일,202503\17881751007249725.jpg
18036828704401918,AROMA FANTASY,하프타치오 · 송비 · 레고,2025.03.12 수요일 20:00,202503\18036828704401918.jpg
18305613577225764,어썸나이트,빈치 · 정다문 · 황찬욱 · 바다와 시인,2025.03.11 화요일 20:00,202503\18305613577225764.jpg
18267947857256281,서교와 서로 CLIP.37,JUSION · ROSIE,2025.03.10 월요일 20:00,202503\18267947857256281.jpg
18047370926466063,To-Morrow,MY SALAD DAYS · PURPLE WHALE · KIWI,2025.03.09 일요일 19:00,202503\18047370926466063.jpg
18088835092496991,여소흔의 다이어리 Soheun's Diary,여소흔,2025.03.08 토요일 20:00,202503\18088835092496991.jpg
18073883374664692,FOREST OF ECHOES,기묘말 · 상하 · 권그린,2025.03.08 토요일 15:00,202503\18073883374664692.jpg
18074533930735988,AROMA FANTASY,지베뉴 · 자유,2025.03.05 수요일 20:00,202503\18074533930735988.jpg
18033202895541425,어썸나이트,심재욱 · 김민준 · 김나영 · 박열현,2025.03.04 화요일 20:00,202503\18033202895541425.jpg
17924824488010128,ZoA!,심각한 개구리 · 유이연 · 나타샤,2025.03.03 월요일 15:30,202503\17924824488010128.jpg
18016491308680068,GRAY PLANET,The OWLS · men and them · 급한 노새,2025.03.02 일요일 20:00,202503\18016491308680068.jpg
18050152405979579,From FROST To 開花,Monotheism · Kozy&Noisy,2025.03.01 토요일 18:00,202503\18050152405979579.jpg
18106751944463952,And-ing Credit.,LEE BUM JUN · KIM YE AN,2025.02.28 금요일 19:30,202502\18106751944463952.jpg
17930874345003978,올해 목표,몽글 · 윤형준 · SUNSAT,2025.02.27 목요일 20:00,202502\17930874345003978.jpg
18053285135115811,AROMA FANTASY,선앤메어 · 차차 · 시오밴드,2025.02.26 수요일 20:00,202502\18053285135115811.jpg
17948494709941411,어썸나이트,유성 · 김도현 · 최오현 · SIMO,2025.02.25 화요일 20:00,202502\17948494709941411.jpg
17960504099749516,CODE-BLUE,리프 · 회기본능 · pizza.zip,2025.02.23 일요일 19:00,202502\17960504099749516.jpg
18067250989893096,크레센도 3,니하 · 백유경 · 한동규 · 아라,2025.02.23 일요일 15:00,202502\18067250989893096.jpg
18050124800125298,Bit Mo E,권결밴드 · 상현 · 이디어츠,2025.02.21 금요일 19:30,202502\18050124800125298.jpg
17967259133714267,올해 목표,김윤희 · 이파란 · 히을,2025.02.20 목요일 20:00,202502\17967259133714267.jpg
18211756207288932,AROMA FANTASY,윤준 · 주시온 · 사기소멸,2025.02.19 수요일 20:00,202502\18211756207288932.jpg
18092352337530002,어썸나이트,Jeonga · 원태림 · 남규원 · 오혜인,2025.02.18 화요일 20:00,202502\18092352337530002.jpg
17936102555977776,기억여행,oait · soran bam · idiots,2025.02.16 일요일 20:00,202502\17936102555977776.jpg
18483998803027452,LET ME SHINE!,STICKERMON ADVENTURE · ASRAII · LONG TIME NO SHIT,2025.02.16 일요일 15:00,202502\18483998803027452.jpg
18484413478050061,Noisy Dream,re:nier · 정제,2025.02.15 토요일 20:00,202502\18484413478050061.jpg
18068458252775297,여자들 피리피그 - 엄마들 아빠피그 되다!,여자들 피리피그 · 박진휘,2025.02.15 토요일 16:00,202502\18068458252775297.jpg
18080939167610868,올해 목표,신선혜 · ADYNE · 김시온,2025.02.13 목요일 20:00,202502\18080939167610868.jpg
18060776743929009,AROMA FANTASY,길치들 · 레플리카 드림 · 블루진,2025.02.12 수요일 20:00,202502\18060776743929009.jpg
18055830869008762,어썸나이트,권한경 · 여다원 · 예진 · 유의정 · homest@y,2025.02.11 화요일 20:00,202502\18055830869008762.jpg
18258712699279930,서교와 서로 CLIP.36,드문 · 산하,2025.02.10 월요일 20:00,202502\18258712699279930.jpg
18482582455006776,SUPER CURVE!,데님키즈 · 급한노새,2025.02.09 일요일 19:30,202502\18482582455006776.jpg
18051563252136722,REVERIE,BOK BAND · THE RIFF · UINONE,2025.02.08 토요일 15:00,202502\18051563252136722.jpg
18040245860375791,'Love' Remains.,콩 · The Strange Lovers · 물결,2025.02.07 금요일 20:00,202502\18040245860375791.jpg
18025091633633370,올해 목표,기연 · 길기판 · 빈세진,2025.02.06 목요일 20:00,202502\18025091633633370.jpg
18146334175323405,AROMA FANTASY,이상웅 · 무이야드,2025.02.05 수요일 20:00,202502\18146334175323405.jpg
18119176696584117,느릿 느릿 설레...,지애 · 홍태연 · 주우,2025.02.04 화요일 20:00,202502\18119176696584117.jpg
18022526708383011,어썸나이트,쎄진 · 김재헌 · 부플레 · Jemin,2025.02.04 화요일 20:00,202502\18022526708383011.jpg
18058814260795819,서교와 서로 CLIP.35,소곤소곤 · 윤정훈,2025.02.03 월요일 20:00,202502\18058814260795819.jpg
18071932846679312,Love ROCKET,여름스웨터 · 취향상점,2025.02.02 일요일 19:00,202502\18071932846679312.jpg
18047639461965613,둘도 아닌 하나,심아일 · 최창순,2025.02.01 토요일 19:00,202502\18047639461965613.jpg
17893515912055703,둥글게 둥글게,슬 · 모든 · 주시온(시오),2025.01.31 금요일 19:30,202501\17893515912055703.jpg
18035158166384402,올해 목표,이토마토 · 이로빈 · 최창순,2025.01.26 일요일 20:00,202501\18035158166384402.jpg
17998779272735616,여백,유인원 · 오프더로드 · 조수현,2025.01.25 토요일 19:00,202501\17998779272735616.jpg
18137391772480806,영롱히 살포시 김이음,영롱 · 살포시 · 김이음,2025.01.25 토요일 15:00,202501\18137391772480806.jpg
18052302521023047,SLEETY DAY,오예린밴드 · 공공카펫 · 베이루트 택시,2025.01.24 금요일 20:00,202501\18052302521023047.jpg
17862760761319419,올해 목표,에른아 · 키키 · 지희,2025.01.23 목요일 20:00,202501\17862760761319419.jpg
18052054883090039,올해 목표,모래 · 민물결 · 이재은,2025.01.22 수요일 20:00,202501\18052054883090039.jpg
18120371368560128,AROMA FANTASY Episode. 41,빈이 · 무이야드,2025.01.21 화요일 20:00,202601\18120371368560128.jpg
18290715787242953,어썸나이트,Lydia Hahm · 소담 · 니하 · 잉걸불,2025.01.21 화요일 20:00,202501\18290715787242953.jpg
18062333761843190,불시착 不時着,나타샤 · 규도,2025.01.19 일요일 19:00,202501\18062333761843190.jpg
17863226523312762,"Page.0 - 2025, 나의 첫 페이지",김보리 · 성휘 · 무화,2025.01.18 토요일 19:00,202501\17863226523312762.jpg
17951968610910404,올해 목표,홍성월 · 구구 · 심각한 개구리,2025.01.17 금요일 20:00,202501\17951968610910404.jpg
18027082103306982,올해 목표,박서하 · 송씨 · 모든,2025.01.16 목요일 20:00,202501\18027082103306982.jpg
17937747869957403,올해 목표,스원 · 헤아린 · 원니,2025.01.15 수요일 20:00,202501\17937747869957403.jpg
17995232474737097,어썸나이트,닻별 · 유희 · 드문 · 빈치,2025.01.14 화요일 20:00,202501\17995232474737097.jpg
17925330698905722,올해 목표,슬 · 삼월생 · 서주연밴드,2025.01.13 월요일 20:00,202501\17925330698905722.jpg
18114515923442250,Opening Chapter,민주희 · 수(sooth) · 빈이,2025.01.12 일요일 19:00,202501\18114515923442250.jpg
18067669420753881,올해 목표,김연송 · 다함 · 담담,2025.01.12 일요일 15:00,202501\18067669420753881.jpg
18377528383129141,Dear,배유나 · 온송 · Rosie,2025.01.10 금요일 19:00,202501\18377528383129141.jpg
18068081251775023,올해 목표,SCON · 이상웅 · 주은,2025.01.08 수요일 20:00,202501\18068081251775023.jpg
18106438591635986,AROMA FANTASY Episode. 39,집단지성 · 58D,2025.01.07 화요일 20:00,202601\18106438591635986.jpg
17870737284186440,어썸나이트,달 위의 콜린스 · 백유경 · 고원 · 길려빈,2025.01.07 화요일 20:00,202501\17870737284186440.jpg
17952525530910308,올해 목표,영센 · 이준행 · 언돌이,2025.01.06 월요일 20:00,202501\17952525530910308.jpg
18042831412997558,LOOK BACK,류주영 · 키키 · 여다원 · 성아지 · 연어초밥 · 유인원 · 기묘말 · ADYNE · 데님키즈 · 리프 · 난파란,2024.12.29 일요일,202412\18042831412997558.jpg
18126133579396460,LOOK BACK,류주영 · 키키 · 여다원 · 성아지 · 연어초밥 · 유인원 · 기묘말 · ADYNE · 데님키즈 · 리프 · 난파란,2024.12.29 일요일,202412\18126133579396460.jpg
18072701665567495,DIARY 나의 낡은 일기장,백아 · 이인규 · 정새벽,2024.12.28 토요일,202412\18072701665567495.jpg
18074636719620245,"Go, Orea - 오래가자, 우리",송재원 · 윤서훈 · 김윤희,2024.12.27 금요일 19:30,202412\18074636719620245.jpg
18042957116471746,"들려줘요, 디-제이",사운드웨이브 · 어차피 · 클라프,2024.12.25 수요일,202412\18042957116471746.jpg
17970005324805169,어썸나이트,소곤소곤 · 태림 · 김민지,2024.12.24 화요일 20:00,202412\17970005324805169.jpg
18007995059496996,AROMA FANTASY,낙원 · 윤형준,2024.12.21 토요일 19:00,202412\18007995059496996.jpg
18036876368070364,Mirry Merry,Rosie · 이상웅 · 성해빈,2024.12.20 금요일 19:30,202412\18036876368070364.jpg
18119683936405396,서교와 서로 CLIP.34,아라 · 주하늘,2024.12.19 목요일 20:00,202412\18119683936405396.jpg
18039370181259150,"들려줘요, 디-제이",그래버 · 이너 · 이디어츠,2024.12.18 수요일,202412\18039370181259150.jpg
18292813195233860,어썸나이트,전설화 · 강새음 · Halftachio(하프타치오),2024.12.17 화요일 20:00,202412\18292813195233860.jpg
18049717055006192,A CYCLE OF LIFE,하모니쿠스,2024.12.15 일요일 20:00,202412\18049717055006192.jpg
18074792014609943,귤과 함께 노을 구경,황경은,2024.12.14 토요일 19:00,202412\18074792014609943.jpg
18049633810866150,2024.zip,기묘말 · 박태욱,2024.12.14 토요일 15:00,202412\18049633810866150.jpg
18046808630031992,#saxmood,,2024.12.13 금요일 20:30,202412\18046808630031992.jpg
17880405237186812,"들려줘요, 디-제이",김뮤즈 · 모든 · 필로,2024.12.11 수요일,202412\17880405237186812.jpg
18065450155740758,어썸나이트,Cludyy(클루디) · 윤주문 · Muhwa(무화),2024.12.10 화요일 20:00,202412\18065450155740758.jpg
18037800284042535,소복히,한울 · 구 · nardis,2024.12.08 일요일 19:00,202412\18037800284042535.jpg
17951887325855553,som : 솜,서주연밴드 · 송민정,2024.12.07 토요일 15:00,202412\17951887325855553.jpg
17907354519063114,Small&Stupid,샐리에브리웨어 · 롱타임노쉿,2024.12.06 금요일 20:00,202412\17907354519063114.jpg
17874855138210234,기억에게 건네는 노래,수 · 삼월생 · 권장혁,2024.12.05 목요일 20:00,202412\17874855138210234.jpg
17934724919954941,"들려줘요, 디-제이",주은 · 현일,2024.12.04 수요일,202412\17934724919954941.jpg
18304471306200986,어썸나이트,이겨울 · 방학 · 이윤지,2024.12.03 화요일 20:00,202412\18304471306200986.jpg
17999820584704444,AROMA FANTASY,KIWI · BANDI · UINONE,2024.11.29 금요일 20:00,202411\17999820584704444.jpg
18021611138311141,서교와 서로 CLIP.33,하몽 · 이서,2024.11.28 목요일 20:00,202411\18021611138311141.jpg
18139107400363220,AROMA FANTASY,권결밴드 · 레플리카 드림,2024.11.27 수요일 20:00,202411\18139107400363220.jpg
18048750200311551,어썸나이트,양희본 · 하율 · Jen(젠) · 조수현,2024.11.26 화요일 20:00,202411\18048750200311551.jpg
18054084061899324,Stare,김늑 · 심각한 개구리 · 품바21,2024.11.24 일요일 19:30,202411\18054084061899324.jpg
17955310919842668-02,New Voices VOL.3,다원 · 수평 · 오효림 · 사위,2024.11.23 토요일 19:00,202411\17955310919842668.jpg
17955310919842668-01,New Voices VOL.3,소린 · 김유민 · 김나현 · 임소정,2024.11.23 토요일 15:00,202411\17955310919842668.jpg
18052343863771509,아침 세레나데,아침의 트리오,2024.11.22 금요일 20:00,202411\18052343863771509.jpg
17965768397691106,서교와 서로 CLIP.32,김나무 · 장보약,2024.11.21 목요일 20:00,202411\17965768397691106.jpg
18043704941479812,AROMA FANTASY,강진아 · ROSIE · DAL,2024.11.20 수요일 20:00,202411\18043704941479812.jpg
18041735077964985,어썸나이트,길찬호 · 안채연 · 걸다림,2024.11.19 화요일 20:00,202411\18041735077964985.jpg
18025266476204089,ROCK & ROSES,화노 · 급한노새,2024.11.17 일요일 20:00,202411\18025266476204089.jpg
18025177637198499,연결,규도 · 데님키즈,2024.11.16 토요일 15:00,202411\18025177637198499.jpg
18042411425134641,"그냥, 우리[ ]",임예송 · 문재균 · 신썸머,2024.11.15 금요일 19:30,202411\18042411425134641.jpg
18048728494814548,AROMA FANTASY,주시온 · 안진영 · 이상웅,2024.11.13 수요일 20:00,202411\18048728494814548.jpg
17868758100161652,어썸나이트,라잉온어블랭킷 · 해동 · 담요새,2024.11.12 화요일 20:00,202411\17868758100161652.jpg
17902326141063000,Put Your Records On,HwA · ADYNE,2024.11.10 일요일,202411\17902326141063000.jpg
17936807609931190,CLASSIC JAM PARTY,채송아(송첼) · 한예진,2024.11.08 금요일 20:00,202411\17936807609931190.jpg
17931529796947151,Surf The Winter Wave,밴드 상현 · 난파란 · 시너가렛,2024.11.02 토요일 20:00,202411\17931529796947151.jpg
18039963431155012,CRESCENDO (INTRO) #2,김나현 · 예찬 · 함원석 · 온송,2024.11.02 토요일 15:00,202411\18039963431155012.jpg
18051127849899307,ONE ONE ONE,유인원 · 원니 · 원디비,2024.11.01 금요일 19:30,202411\18051127849899307.jpg
17894465679090582,서교와 서로 CLIP.31,시안 · 구,2024.10.31 목요일 20:00,202410\17894465679090582.jpg
18114735643406899,음악을 처방해드립니다 - 난파란 편,난파란,2024.10.30 수요일 20:00,202410\18114735643406899.jpg
18106550938433200,어썸나이트,김민준 · 이너 · The Sawtooth,2024.10.29 화요일 20:00,202410\18106550938433200.jpg
17903997854962476,"with Love, DASONI",DASONI,2024.10.27 일요일 20:00,202410\17903997854962476.jpg
17983024001608878,만나러 갈게,빈채,2024.10.27 일요일 15:00,202410\17983024001608878.jpg
17863161729239139,PLAY BACK! IN YOUR MIND,주시온 · 현지혁 · 고정진,2024.10.26 토요일 19:00,202410\17863161729239139.jpg
18024379394409651,HANGING WITH HWSC!,HWSC,2024.10.26 토요일 14:00,202410\18024379394409651.jpg
18461693593063716,음악을 처방해드립니다 - 연어초밥 편,연어초밥,2024.10.23 수요일 20:00,202410\18461693593063716.jpg
18285500314233447,어썸나이트,유찬 · 안도연 · 지슈 · 강찬규,2024.10.22 화요일 20:00,202410\18285500314233447.jpg
18033532634329162,영연 冷然,규리 · 이도현,2024.10.20 일요일 19:00,202410\18033532634329162.jpg
18065371414651019,소리로 물들다,Saree McIntosh,2024.10.20 일요일 15:00,202410\18065371414651019.jpg
18058077811817483,Autumn PLAYLIST - 송첼의 가을 플레이리스트,송첼,2024.10.19 토요일 20:00,202410\18058077811817483.jpg
18070707721594858,WELCOME TO OCTOBER HOTEL,제요한,2024.10.19 토요일 15:00,202410\18070707721594858.jpg
17948044181853553,서교와 서로 CLIP.30,나린 · SEN,2024.10.17 목요일 20:00,202410\17948044181853553.jpg
17853282528244028,음악을 처방해드립니다 - n@di 편,n@di,2024.10.16 수요일 20:00,202410\17853282528244028.jpg
18041361836132864,어썸나이트,단비 · 김아이 · 九里みほ(구노리미호) · Slo:E,2024.10.15 화요일 20:00,202410\18041361836132864.jpg
18051018625901608,AUTUMN CLASSIC,Tune ENSEMBLE,2024.10.13 일요일 17:00,202410\18051018625901608.jpg
17944053284763057,여행자,김건우 · 여다원 · 연후,2024.10.12 토요일 19:00,202410\17944053284763057.jpg
18056655880824713,全力 전력,SUN&MER · REPLICA DREAM,2024.10.11 금요일 20:00,202410\18056655880824713.jpg
18137976079317409,서교와 서로 CLIP.29,세미 · 이삭,2024.10.10 목요일 20:00,202410\18137976079317409.jpg
18084988819511978,어썸나이트,조춘쿠키 · 박솔,2024.10.08 화요일 20:00,202410\18084988819511978.jpg
18067749913543217,"가을, 그리고 가을",Saree McIntosh,2024.10.06 일요일 15:00,202410\18067749913543217.jpg
17878057245118445,Be Yourself book concert,LARA,2024.10.05 토요일 15:00,202410\17878057245118445.jpg
18042961066877089,취하고 싶을 때 듣는 음악 특집,폴리아모리 POLYAMORY,2024.09.30 월요일 20:00,202409\18042961066877089.jpg
17892732006081023,WAKE UP!,Cha Cha · ocean in the eyes,2024.09.29 일요일,202409\17892732006081023.jpg
18057859501780789,Boîte & kiss the gambler 합동공연 in Seoul,Boîte · kiss the gambler,2024.09.28 토요일 15:00,202409\18057859501780789.jpg
18125598835374468,Freefall to Indie,성아지 · 조요나 · MODN,2024.09.27 금요일 20:00,202409\18125598835374468.jpg
18024762140146509,서교와 서로 CLIP.28,소리 · 영롱,2024.09.26 목요일 20:00,202409\18024762140146509.jpg
17876733363151229,우리 가락 EP.2,매실 · 안기수 · 품바21 · 양권수 · 박성진,2024.09.25 수요일 19:30,202409\17876733363151229.jpg
18033170774000900,어썸나이트,하윤 · 한울 · 나은 · 온언,2024.09.24 화요일 20:00,202409\18033170774000900.jpg
18079310017522352,#MMF MONDAY MUSICIAN FESTA VOL.8 - 사랑방 WITH MUSIC,,2024.09.23 월요일 20:00,202409\18079310017522352.jpg
18006393128432124,가을의 초입에서,권결밴드 · 나타샤,2024.09.22 일요일 19:00,202409\18006393128432124.jpg
18054460228800327,마음을 담은 편지,복다진 · 슈야,2024.09.21 토요일 20:00,202409\18054460228800327.jpg
18328396534148598,CHECKMATE-!,낙원 · love is cycle,2024.09.21 토요일 15:00,202409\18328396534148598.jpg
18045543742806786,서교와 서로 CLIP.27,이재은 · 강다희,2024.09.19 목요일 20:00,202409\18045543742806786.jpg
18018528350586292,CRESCENDO (intro),최다운 · 김동건 · 연서 · NARDIS,2024.09.14 토요일 15:00,202409\18018528350586292.jpg
17847426735259218,My Crush!,규도 · 심아일밴드,2024.09.13 금요일 20:00,202409\17847426735259218.jpg
17926317947946167,서교와 서로 CLIP.26,브라더호 · 최정상,2024.09.12 목요일 20:00,202409\17926317947946167.jpg
18041938303971461,우리 가락 EP.1,놀플라워,2024.09.11 수요일 19:30,202409\18041938303971461.jpg
18158643541315834,어썸나이트,김세진 · 여다원 · 허버트 · 김소정,2024.09.10 화요일 20:00,202409\18158643541315834.jpg
18463890964018048,#MMF MONDAY MUSICIAN FESTA VOL.7 - PIECES OF EMOTION,박주영,2024.09.09 월요일 20:00,202409\18463890964018048.jpg
17906263037935349,Autumn Leaf,The Riff · Zivenew · 드문,2024.09.08 일요일 20:00,202409\17906263037935349.jpg
18021134627182435,LAST SUMMER BREZE,찬온 · 로즈마일 · 이스트블루 보이즈,2024.09.07 토요일 19:30,202409\18021134627182435.jpg
18013516631309159,WE'RE IN THE ATMOSPHERE,BENNIE ROCKET · CLUDYY,2024.09.06 금요일 20:00,202409\18013516631309159.jpg
17952860147751905,서교와 서로 CLIP.25,장재성 · n@di,2024.09.05 목요일 20:00,202409\17952860147751905.jpg
18017771393528639,어썸나이트,해동 · 청하나 · 이다문 · 김보리,2024.09.03 화요일 20:00,202409\18017771393528639.jpg
18042253192988238,#MMF MONDAY MUSICIAN FESTA VOL.6 - AUTUMN BREEZE,오윤밴드,2024.09.02 월요일 20:00,202409\18042253192988238.jpg
18056765185672580,무드셀라 증후군,임예송 · 윤준 · 이상웅,2024.09.01 일요일 15:00,202409\18056765185672580.jpg
17842785339286147,바다가 보이는 마을,차가혜 · 고정진 · 일렁,2024.08.31 토요일 19:30,202408\17842785339286147.jpg
18053570941789144,INDIE ROAD!,예진 · 주은 · 류금비,2024.08.30 금요일 20:00,202408\18053570941789144.jpg
17868891102174827,서교와 서로 CLIP.24,오한봄 · 성하진,2024.08.29 목요일 20:00,202408\17868891102174827.jpg
18453933211006980,STANDING NEXT TO YOU,데이비#체인지 · 업스타 · 오이스터즈,2024.08.28 수요일 20:00,202408\18453933211006980.jpg
17878183479129438,어썸나이트,정빈 · 류주영 · yemin · 윤솔,2024.08.27 화요일 20:00,202408\17878183479129438.jpg
18038216396109004,어썸나이트,성아지 · 정현진,2024.08.25 일요일 20:00,202408\18038216396109004.jpg
18051271237794201,DRIVE!,MODN · 마리슈,2024.08.24 토요일 19:00,202408\18051271237794201.jpg
18076222021510484,Rosmile In SEOGYO,Rosmile,2024.08.24 토요일 15:00,202408\18076222021510484.jpg
18016255361239657,첫사랑 기억 조작,김윤희 · 주시온,2024.08.23 금요일 20:00,202408\18016255361239657.jpg
17933378027871083,서교와 서로 CLIP.23,후피 · 엉망,2024.08.22 목요일 20:00,202408\17933378027871083.jpg
18194068681288049,STANDING NEXT TO YOU,리프 · 적란운 · 행로난,2024.08.21 수요일 20:00,202408\18194068681288049.jpg
18001057310647958,어썸나이트,아이넷 · 혼시 · 김연승,2024.08.20 화요일 20:00,202408\18001057310647958.jpg
18449204314001247,#MMF MONDAY MUSICIAN FESTA VOL.5 - 토마토의 초대,이토마토 · 예린,2024.08.19 월요일 20:00,202408\18449204314001247.jpg
18073460248558325,ALiVe SuNdAy,산하 · DENIM KIDS!,2024.08.18 일요일 19:00,202408\18073460248558325.jpg
18028284776032917,ALiVe SuNdAy,산하 · ocean in the eyes · DENIM KIDS!,2024.08.18 일요일 19:00,202408\18028284776032917.jpg
17922577247943926,푸르른 날,ADYNE · 권그린,2024.08.17 토요일,202408\17922577247943926.jpg
18026191049062950,멋진 헛간,KIM MANU · 기묘말,2024.08.16 금요일 20:00,202408\18026191049062950.jpg
18029067983227958,어썸나이트,박지지 · Kevin Kaho Tsui · 걷다가 바다 · 신여름,2024.08.13 화요일 20:00,202408\18029067983227958.jpg
18031346789320806,Wave,DamDam · kiki · ShinSooJung,2024.08.11 일요일 19:00,202408\18031346789320806.jpg
17871413982139154,꿈나라 별나라 - 언플 디즈니,Rosie · 이제은,2024.08.10 토요일 19:00,202408\17871413982139154.jpg
17950017041815358,ROOKIE STRIKE!,dizzymunzzy · 목화 · 아사달,2024.08.10 토요일 15:00,202408\17950017041815358.jpg
18304519627093692,한여름 밤의 락,유인원 · Workwear,2024.08.09 금요일 20:00,202408\18304519627093692.jpg
18071908180534129,서교와 서로 CLIP.22,야기 · 류진성,2024.08.08 목요일 20:00,202408\18071908180534129.jpg
17920413623946574,STANDING NEXT TO YOU,유노이아 · 아사히 · 모던에이지,2024.08.07 수요일 20:00,202408\17920413623946574.jpg
17986346297538813,어썸나이트,비스윗 · 서벽 · 빈세진 · 길기판,2024.08.06 화요일 20:00,202408\17986346297538813.jpg
18043218109900671,#MMF MONDAY MUSICIAN FESTA VOL.4 - ROOM 302,이동현 · 장지용 · 지영훈,2024.08.05 월요일 20:00,202408\18043218109900671.jpg
18031349933494724,"깊은 밤, 별빛 아래 속삭임",장재성 · 원태림 · 안솔희,2024.08.02 금요일 20:00,202408\18031349933494724.jpg
17920237124939060,서교와 서로 CLIP.21,천서현 · 김서로,2024.08.01 목요일 20:00,202408\17920237124939060.jpg
18040301443824839,어썸나이트,홍준영 · 이너 · 백우림,2024.07.30 화요일 20:00,202407\18040301443824839.jpg
17995074449497428,POUR SOME RAIN ON ME,공재 · 이상웅 · 조주,2024.07.27 토요일 19:00,202407\17995074449497428.jpg
17993269553662149,어썸나이트,조수현 · Velvet Light · 우리 둘희 · 늘,2024.07.24 수요일 20:00,202407\17993269553662149.jpg
18025382672246728,어썸나이트,여원 · jeonga · 10분전 · 정소요,2024.07.23 화요일 20:00,202407\18025382672246728.jpg
17851397595202158,#MMF MONDAY MUSICIAN FESTA VOL.3 - 우리 가자,기연밴드,2024.07.22 월요일 20:00,202407\17851397595202158.jpg
17954951303684866,DEEP DIVE IN SUMMER,COZYH · JAEMUN,2024.07.20 토요일 18:00,202407\17954951303684866.jpg
18024274766169408,한 여름날의 이야기,영롱 · ohhanjooo,2024.07.20 토요일 15:00,202407\18024274766169408.jpg
18234238393284821,서교와 서로 CLIP.20,구구 · 이제,2024.07.18 목요일 20:00,202407\18234238393284821.jpg
17889165147062724,어썸나이트,Natasha · 희상 · 황찬욱,2024.07.16 화요일 20:00,202407\17889165147062724.jpg
17865464643154206,"#MMF MONDAY MUSICIAN FESTA VOL.2 - PEACE, LOVE AND REGGAE!",빈집 (BINZIP),2024.07.15 월요일 20:00,202407\17865464643154206.jpg
18326547637120680-02,NEW VOICES VOL.2,정한솔 · 심현이 · 이삭 · 김리연 · SHUYA,2024.07.13 토요일 19:00,202407\18326547637120680.jpg
18326547637120680-01,NEW VOICES VOL.2,유의정 · 김오후 · 시윤 · 박민선 · SHUYA,2024.07.13 토요일 15:00,202407\18326547637120680.jpg
18013201682203190,서교와 서로 CLIP.19,찬온 · 김선,2024.07.11 목요일 20:00,202407\18013201682203190.jpg
18014544377428004,어썸나이트,원태림 · 리온 · 이세일 · 예르아,2024.07.10 수요일 20:00,202407\18014544377428004.jpg
18035120966001577,어썸나이트,Wonder · 키키 · 김준교 · 담담,2024.07.09 화요일 20:00,202407\18035120966001577.jpg
17855542707161400,#MMF MONDAY MUSICIAN FESTA VOL.1 - THE MOVE,코비 (COBY),2024.07.08 월요일 20:00,202407\17855542707161400.jpg
17931687491858539,DAY & NIGHT,Saxoguys,2024.07.07 일요일 20:00,202407\17931687491858539.jpg
17974544813600939,어썸나이트,권장혁 · 신수정 · Lowten · 성하진,2024.07.02 화요일 20:00,202407\17974544813600939.jpg
18101694433408877,어썸나이트,고준 · 소어 · 키엘 · 성에,2024.06.26 수요일 20:00,202406\18101694433408877.jpg
18061460167582633,어썸나이트,워니(wony) · Slo:E · 예르아 · 새연,2024.06.25 화요일 20:00,202406\18061460167582633.jpg
18302384497082938,서교와 서로 CLIP.18,슬 · 삼월생,2024.06.20 목요일 20:00,202406\18302384497082938.jpg
17948331842807129,어썸나이트,웨더보트 · 이윤지 · 효시 · 다독적설,2024.06.18 화요일 20:00,202406\17948331842807129.jpg
18230586379283927,하반기로의 到來:도래,전유동 · 장여름,2024.06.16 일요일 18:00,202406\18230586379283927.jpg
18012959492171912,서교와 서로 CLIP.17,김윤희 · 지천,2024.06.13 목요일 20:00,202406\18012959492171912.jpg
18242795866250172,어썸나이트,찬온 · 박주영 · 이재원 · 장재성,2024.06.12 수요일 20:00,202406\18242795866250172.jpg
17861048844169830,어썸나이트,박준혁 · 희진 · 김대겸,2024.06.11 화요일 20:00,202406\17861048844169830.jpg
18441399367015471,THE UNPLUGGED vol.3,다함 · 최온 · 고준,2024.06.09 일요일 14:00,202406\18441399367015471.jpg
18429052264001830,MUSICIAN CABIN,HWSC (highway surf club) · 한울 · 김늑,2024.06.08 토요일 18:00,202406\18429052264001830.jpg
17849165517215984,다가올 여름밤 Playlist,이레 · 주은 · 르손,2024.06.07 금요일 20:00,202406\17849165517215984.jpg
18008961989447391,어썸나이트,지현주 · 률희 · 빈치,2024.06.04 화요일 20:00,202406\18008961989447391.jpg
18038572816861314,서교와 서로 CLIP.16,리온 · 송민정,2024.05.30 목요일 20:00,202405\18038572816861314.jpg
18239100319251699,Summer with music,,2024.05.29 수요일,202405\18239100319251699.jpg
18026963225119315,어썸나이트,이히로 · 시윤 · Sean Park · 후피,2024.05.28 화요일 20:00,202405\18026963225119315.jpg
18127372729344176-02,교향곡 제4현,한예진 · 장세은 · 배지연,2024.05.25 토요일 20:00,202405\18127372729344176.jpg
18127372729344176-01,교향곡 제4현,한예진 · 장세은 · 배지연,2024.05.25 토요일 17:00,202405\18127372729344176.jpg
18309875800198520,HEART TWO FIRST LIVE CONCERT,Hayoung A · Hayoung B,2024.05.25 토요일 14:00,202405\18309875800198520.jpg
18058114807575127,서교와 서로 CLIP.15,NIBUY · 김근호,2024.05.23 목요일 20:00,202405\18058114807575127.jpg
18034622059803236,어썸나이트,정다은 · 김소정 · 베이비로션 · 김형래,2024.05.22 수요일 20:00,202405\18034622059803236.jpg
18012707864147984,어썸나이트,심각한 개구리 · 김나나 · 김오후 · 최오현,2024.05.21 화요일 20:00,202405\18012707864147984.jpg
18033907873814902,나들이: 산들바람,권그린 · 박나경,2024.05.19 일요일 19:00,202405\18033907873814902.jpg
17943589316800247,향긋한 봄내음,예노니 · 박서하 · 황성월,2024.05.17 금요일 20:00,202405\17943589316800247.jpg
18317917840135635,서교와 서로 CLIP.14,헤아린 · 예온,2024.05.16 목요일 20:00,202405\18317917840135635.jpg
18019053809470050,어썸나이트,진영진 · Soffee · 주녁 · 온언,2024.05.14 화요일 20:00,202405\18019053809470050.jpg
18007606478523239,Unplugged and Unwinding,정다은 · 오감(Five Feel) · 딸기주스가 너무 달아 · 근처(Nearby),2024.05.12 일요일 15:00,202405\18007606478523239.jpg
18017375933040750,바람: 이른 여름의 이야기,MODN · 임수연 · 고경빈,2024.05.10 금요일 20:00,202404\18017375933040750.jpg
18019700279005919,서교와 서로 CLIP.13,문재균 · 송재원,2024.05.09 목요일 20:00,202405\18019700279005919.jpg
18122533651359033,어썸나이트,재서 · 아마데우스 · 청하나 · 나린,2024.05.08 수요일 20:00,202405\18122533651359033.jpg
18264707161214931,어썸나이트,기묘말 · 유지은 · 교환일기 · 오윤밴드,2024.05.07 화요일 20:00,202405\18264707161214931.jpg
18044781463668729,Something New Music Concert,Huie,2024.05.04 토요일 19:00,202405\18044781463668729.jpg
18185458861293478,PICNIC DAY,YEBIN LEE · JUHUN HONG,2024.05.03 금요일 19:00,202405\18185458861293478.jpg
18087308173430070,서교와 서로 CLIP.12,살포시 · 백유경,2024.05.02 목요일 20:00,202405\18087308173430070.jpg
18034393552767876,어썸나이트,MODN(모든) · OfftheRoad · 늘 · 염이(YOUMIII),2024.04.30 화요일 20:00,202404\18034393552767876.jpg
17894713667994463,My Tiny Universe,김우주 · 김이불,2024.04.28 일요일 18:00,202404\17894713667994463.jpg
18068066086507486,서교 뮤지션 ZIP.,이준행 · 이둘박둘,2024.04.28 일요일 14:30,202404\18068066086507486.jpg
18273714310204899,그래도 괜찮은 하루,박연두 · 심각한 개구리 · 소리,2024.04.27 토요일 18:00,202404\18273714310204899.jpg
18013107428201370,도화선 vol.3,project:_carr · 하예지 · 잔향,2024.04.26 금요일 19:30,202404\18013107428201370.jpg
18426348817043565,with 고우현,고우현,2024.04.25 목요일 20:00,202404\18426348817043565.jpg
17899858379901004,with 허명우,허명우,2024.04.25 목요일 20:00,202404\17899858379901004.jpg
18038738743841040,어썸나이트,이예현 · 박서하 · 기연 · 맨위층왼쪽방,2024.04.23 화요일 20:00,202404\18038738743841040.jpg
18056424928508988,THE UNPLUGGED vol.2,이제은 · 이고요 · 찬온,2024.04.21 일요일 18:00,202404\18056424928508988.jpg
17868303660053457,본이 아니게 만난 사람들,BONH · GENIE YOU · KIMMINSEOP,2024.04.20 토요일 15:00,202404\17868303660053457.jpg
17992108757435681,with 종건,종건,2024.04.18 목요일 20:00,202404\17992108757435681.jpg
17899806830902087,with 아론,아론,2024.04.18 목요일 20:00,202404\17899806830902087.jpg
17996803376616348,어썸나이트,김윤진 · 나은 · 10분전 · 이형진 · Lyin' on a blanket,2024.04.16 화요일 20:00,202404\17996803376616348.jpg
17842721817207109,SPECIAL BLACK CONCERT,LILIBY · COLDMILK,2024.04.14 일요일 18:00,202404\17842721817207109.jpg
18289494613090670,언플문예 창간호,바다연 · 예진 · 오혜인,2024.04.13 토요일 18:00,202404\18289494613090670.jpg
17892293411994106,Take me where the Spring is,길기판 · 공동욱,2024.04.12 금요일 20:00,202404\17892293411994106.jpg
17860840347110745,어썸나이트,이겨울 · Mollo · 이다빈 · 빈이,2024.04.09 화요일 20:00,202404\17860840347110745.jpg
18226613887261095,新春呼音 - 새 봄을 부르는 소리,슈야 · 도대윤 · OEO,2024.04.05 금요일 20:00,202404\18226613887261095.jpg
18046263694713800,서림,서림,2024.04.04 목요일 20:00,202404\18046263694713800.jpg
18036342694866484,송재원,송재원,2024.04.04 목요일 20:00,202404\18036342694866484.jpg
18034885258843186,어썸나이트,김소정 · Slo:E · 헤엄 · 김준교,2024.04.02 화요일 20:00,202404\18034885258843186.jpg
17919347993860287,THE UNPLUGGED,기봉 · 조은세 · 윤형준,2024.03.31 일요일 19:00,202403\17919347993860287.jpg
18427058149038270,with 더 데일리,더 데일리,2024.03.28 목요일 20:00,202403\18427058149038270.jpg
18058719376533335,with 영센,영센,2024.03.28 목요일 20:00,202403\18058719376533335.jpg
17896432775972138,어썸나이트,이레 · 수(Sooth) · 나리 · 제이벨,2024.03.26 화요일 20:00,202403\17896432775972138.jpg
17874788073050311,Spring Fever in seogyo,심도현 · 투 데이 올드 스니커즈 · 이준행 · 벤치위레오,2024.03.24 일요일 18:00,202403\17874788073050311.jpg
17959330190725168,with 서예은,서예은,2024.03.21 목요일 20:00,202403\17959330190725168.jpg
18219390046279013,with 조아람,조아람,2024.03.21 목요일 20:00,202403\18219390046279013.jpg
18383443819075925,어썸나이트,유별 · 들깨가루 · 예경 · 포네,2024.03.19 화요일 20:00,202403\18383443819075925.jpg
18050726068525206-02,New Voices,이히로 · 바다연 · 김윤진 · 김용현,2024.03.16 토요일 19:00,202403\18050726068525206.jpg
18050726068525206-01,New Voices,보민 · 세이지 · 곽주향 · 박소민,2024.03.16 토요일 15:00,202403\18050726068525206.jpg
17917698245794859,with 민물결,민물결,2024.03.14 목요일 20:00,202403\17917698245794859.jpg
17922220934852879,어썸나이트,정우진 · 매실 · 청하나 · 오혜인,2024.03.12 화요일 20:00,202403\17922220934852879.jpg
18048688087612152,랜선친구,김서로 · 천서현 · vistA · BELE · 김민지,2024.03.09 토요일 19:00,202403\18048688087612152.jpg
18058666777480542,with 주은,주은,2024.03.07 목요일 20:00,202403\18058666777480542.jpg
18008855555348896,with 수정,수정,2024.03.07 목요일 20:00,202403\18008855555348896.jpg
18024111946963886,with 하린&young,하린 · young,2024.03.07 목요일 20:00,202403\18024111946963886.jpg
18097291837399284,어썸나이트,박소민 · 김도현 · 예노니 · 미도,2024.03.05 화요일 20:00,202403\18097291837399284.jpg
18057524539547718,서교음악다방 3월 정기공연,,2024.03.03 일요일 18:00,202403\18057524539547718.jpg
18083527774428032,with 최재욱,최재욱,2024.02.29 목요일 20:00,202402\18083527774428032.jpg
18010137320060639,with 임수연,임수연,2024.02.29 목요일 20:00,202402\18010137320060639.jpg
17968825739688395,with 김결,김결,2024.02.29 목요일 20:00,202402\17968825739688395.jpg
18009803597256499,어썸나이트,달 위의 콜린스 · 신도현 · 송씨,2024.02.27 화요일 20:00,202402\18009803597256499.jpg
17915633228793859,모닥불: 늦겨울의 이야기,전유동 · 김늑 · 고정진,2024.02.24 토요일 19:30,202402\17915633228793859.jpg
18011965634275249,with 기연,기연,2024.02.22 목요일 20:00,202402\18011965634275249.jpg
18000159710421642,with 서예은,서예은,2024.02.22 목요일 20:00,202402\18000159710421642.jpg
18034609489826569,어썸나이트,조춘쿠키 · 서예은 · 고준 · IAMPRINCe,2024.02.20 화요일 20:00,202402\18034609489826569.jpg
17965335431576755,어썸나이트,예르아 · 소담 · 살포시 · 차가혜,2024.02.13 화요일 20:00,202402\17965335431576755.jpg
17923074845835140,어썸나이트,김민지 · 김승혁 · Lowten · 헤엄,2024.02.06 화요일 20:00,202402\17923074845835140.jpg
17984283962380713,Our New Year PLAYLIST,Rosie · 주시온,2024.01.05 금요일 19:00,202401\17984283962380713.jpg
18015733267965853,YEAR-END PARTY!,소동 · 임수연 · 홀리베어,2023.12.30 토요일 18:30,202312\18015733267965853.jpg
17906811446885544,Some Night For Us,청하나 · 10분전 · 이형진,2023.12.29 금요일 19:30,202312\17906811446885544.jpg
18023206390910509,어썸나이트,몽키노트 · 유의정 · 달 위의 콜린스 · 길기판,2023.12.28 목요일 19:00,202312\18023206390910509.jpg
18034361023728743,PLAY! SINCHON!,이유카 · 이준행,2023.12.22 금요일 19:00,202312\18034361023728743.jpg
18318879973117081,어썸나이트,시안 · 신예솔 · 오른음자리표 · 백유정,2023.12.21 목요일 19:00,202312\18318879973117081.jpg
18019554439908170,일상의 날개 vol.2,달교 · 주은 · 수정,2023.12.17 일요일 17:00,202312\18019554439908170.jpg
17919789581745095,일상의 날개 vol.1,이레 · 조완 · 민물결 · 율라율레뿡,2023.12.16 토요일 18:30,202312\17919789581745095.jpg
18238392355242533,Definitely Maybe,CALL .01 · 살포시 · Band Rico,2023.12.15 금요일 19:00,202312\18238392355242533.jpg
17902312613826434,어썸나이트,예노니 · 김윤진 · 제이벨(J BEL) · 김소정,2023.12.14 목요일 19:00,202312\17902312613826434.jpg
18016186927811817,December Night,송민정 · 헤아린,2023.12.09 토요일 19:00,202312\18016186927811817.jpg
17990913668229704,언플러그드 [연말포크],슬 · AVAN · 원태림 · 이덕현,2023.12.08 금요일 18:30,202312\17990913668229704.jpg
18062423152467167,어썸나이트,신수정 · 김대겸 · 김경재 · 지현주,2023.12.07 목요일 19:00,202312\18062423152467167.jpg
17856412845066576,Dreaming in cold Sinchon.,단지 · 허버트 · 현지혁,2023.12.03 일요일 17:00,202312\17856412845066576.jpg
18315695557184124,어썸나이트,주시온 · Rosie · 예르아 · 라윤,2023.11.30 목요일 20:00,202311\18315695557184124.jpg
18001919674990194,소년:달 콘서트,소년:달,2023.11.25 토요일 19:00,202311\18001919674990194.jpg
17965833857639049,언플러그드 [주간 포크] 3rd Week,황성월 · 다함 · 기연 · 김한울,2023.11.24 금요일 18:30,202311\17965833857639049.jpg
18235927978246585,어썸나이트,나리 · 이레 · 나은 · 하율,2023.11.23 목요일 20:00,202311\18235927978246585.jpg
17989185080378711,마포에서 만난 두 사람,이준행 · 김유겸,2023.11.19 일요일 14:30,202311\17989185080378711.jpg
18025388251677080,SAREE 가을 콘서트,새리 · 로버트 · 테일러,2023.11.18 토요일 17:00,202311\18025388251677080.jpg
17991223043161140,언플러그드 [주간 포크] 2nd Week,박나경 · 예진 · 민물결 · 윤형준,2023.11.17 금요일 18:30,202311\17991223043161140.jpg
18147197545307019,어썸나이트,청하나 · 제이벨 · Tidy · 이련,2023.11.16 목요일 20:00,202311\18147197545307019.jpg
18006181024880289,세리와 함께 가을 콘서트,세리 · 로버트 · 테일러,2023.11.11 토요일,202311\18006181024880289.jpg
18022341085695107,언플러그드 [주간 포크] 1st Week,고정진 · 기봉 · 주태중 · 이제은,2023.11.10 금요일 18:30,202311\18022341085695107.jpg
18069228673429180,어썸나이트,원태림 · 단지 · 율라율레뿡 · 달교,2023.11.09 목요일 20:00,202311\18069228673429180.jpg
18046013626518001,세리와 함께 가을 콘서트,세리 · 로버트 · 테일러,2023.11.04 토요일,202311\18046013626518001.jpg
18000460262486281,INSIDE OUT BUSKING,강민정 · 김도현,2023.11.03 금요일 19:00,202311\18000460262486281.jpg
17971661642438071,세리와 함께 가을 콘서트,세리 · 로버트 · 테일러,2023.10.29 일요일,202310\17971661642438071.jpg
17924035364791850,FALL IN UNPLUGGED VOL.3 - IN LATE AUTUMN EMOTIONS,오수경 · 이윤지 · 강한슬,2023.10.28 토요일 18:30,202310\17924035364791850.jpg
17968931810632433,INSIDE OUT BUSKING,헤아린 · 신정하,2023.10.27 금요일 19:00,202310\17968931810632433.jpg
18362229967076469,어썸나이트,Sean Park · 이레 · 수정,2023.10.26 목요일 20:00,202310\18362229967076469.jpg
17890859246844710,INSIDE OUT BUSKING,이다운 · 현서,2023.10.20 금요일 19:00,202310\17890859246844710.jpg
18028023379642910,어썸나이트,아이세 · 10분전 · 이형진 · 살포시,2023.10.19 목요일 20:00,202310\18028023379642910.jpg
18005210326997852,FALL IN UNPLUGGED VOL.2,빈달 · 마린,2023.10.14 토요일 19:00,202310\18005210326997852.jpg
17968570814626950,INSIDE OUT BUSKING,키엘(KYEL) · 월홍(月虹),2023.10.13 금요일 19:00,202310\17968570814626950.jpg
17859759654022456,어썸나이트,오드리 수 · 오수경 · 커로원,2023.10.12 목요일 20:00,202310\17859759654022456.jpg
18010693414778165,FALL IN UNPLUGGED VOL.1,고정진 · 소리,2023.10.07 토요일 19:00,202310\18010693414778165.jpg
18019425898695878,INSIDE OUT BUSKING,강예은 · 하예지,2023.10.06 금요일 19:00,202310\18019425898695878.jpg
17992670999257062,어썸나이트,청하나 · 단비 · 성규정,2023.10.05 목요일 20:00,202310\17992670999257062.jpg
17993705381218279,어썸나이트,이서이 · 바다연 · 조성민,2023.09.28 목요일 20:00,202309\17993705381218279.jpg
17968752527439222,INSIDE OUT BUSKING,LYIN ON A BLANKET · 기봉,2023.09.24 일요일 17:00,202309\17968752527439222.jpg
18388240588045277,INSIDE OUT BUSKING,살포시 · 채겸,2023.09.23 토요일 19:00,202309\18388240588045277.jpg
17869286567939964,INSIDE OUT BUSKING,슬 · 정지윤,2023.09.22 금요일 19:00,202309\17869286567939964.jpg
18004777921989069,어썸나이트,이윤지 · 소리 · 강한슬 · 이채연,2023.09.21 목요일 20:00,202309\18004777921989069.jpg
18056551588455637,INSIDE OUT BUSKING,후피 · SEAN PARK,2023.09.15 금요일 19:30,202309\18056551588455637.jpg
17966485667482767,어썸나이트,강민정 · 송씨 · 단비,2023.09.14 목요일 20:00,202309\17966485667482767.jpg
17980089638242083,IN LATE SUMMER GROOVE,Sodong,2023.09.10 일요일 17:00,202309\17980089638242083.jpg
18006905713786825,INSIDE OUT BUSKING,청하나 · AVAN,2023.09.09 토요일 19:00,202309\18006905713786825.jpg
17965644404477575,INSIDE OUT BUSKING,송민정 · 연보라,2023.09.08 금요일 19:00,202309\17965644404477575.jpg
18046393201452388,어썸나이트,나리 · lowten · 박주영,2023.09.07 목요일 20:00,202309\18046393201452388.jpg
17963400764484449,in late summer wave,길기판,2023.09.02 토요일 19:00,202309\17963400764484449.jpg
17860918371003547,어썸나이트,문병현 · The Charity · 해원 · 나물,2023.08.31 목요일 20:00,202308\17860918371003547.jpg
17862541076994277,어썸나이트,소우주 · OSOM · 이겨울 · 어영부영호영 · 심채리,2023.08.29 화요일 20:00,202308\17862541076994277.jpg
18376620478039401,쥬쥬 컴퍼니 WORKSHOP,,2023.08.27 일요일 17:30,202308\18376620478039401.jpg
17941186625601223,도화선 vol.2,송씨 · 허지욱 · 김승익,2023.08.26 토요일 18:00,202308\17941186625601223.jpg
17965759787614735,어썸나이트,일구 · 보민 · Sean Park · 서울촌놈 · 길기판,2023.08.24 목요일 20:00,202308\17965759787614735.jpg
17970555860348519,어썸나이트,이소낙 · 빈달 · HEEBIN · 살포시 · 최하연,2023.08.22 화요일 20:00,202308\17970555860348519.jpg
18037293349521876,어썸나이트,밴드 리버스 · 장현웅팀 · 청하나 · 정우진 · 백혜정,2023.08.17 목요일 20:00,202308\18037293349521876.jpg
18033948628550162,어썸나이트,송씨 · 상민 · 10분전 · 이형진 · 정유희 · 선혜,2023.08.15 화요일 20:00,202308\18033948628550162.jpg
17997103730060468,어썸나이트,Kevin Kaho Tsui · 최윤덕 · 남우현 · 임동경 · 월아,2023.08.10 목요일 20:00,202308\17997103730060468.jpg
17962724063468902,어썸나이트,NCOM · 슬 · 지민 · Wonder · 이현석,2023.08.08 화요일 20:00,202308\17962724063468902.jpg
18014718601732697,도화선 vol.1,Yooleh · 유중재 · 김동현 · 오현성,2023.07.30 일요일 18:00,202307\18014718601732697.jpg
18199405432256974,어썸나이트,청하나 · 노브레인,2023.07.27 목요일 20:00,202307\18199405432256974.jpg
17998888207979427,어썸나이트,lowten · 박나경 · 곽민석,2023.07.25 화요일 20:00,202307\17998888207979427.jpg
17995024306997154,BLOSSOM STAGE IN SUMMER,SAWYER · 황남일,2023.07.22 토요일 19:00,202307\17995024306997154.jpg
18021989311594141,Rosmile,Rosmile,2023.07.22 토요일 15:30,202307\18021989311594141.jpg
17898514862821345,Inside Out Busking,하예지 · 이토마토,2023.07.21 금요일 19:30,202307\17898514862821345.jpg
18381712168049471,어썸나이트,월아 · Covn · Workwear,2023.07.20 목요일 20:00,202307\18381712168049471.jpg
17978330846183867,어썸나이트,오현성과 파형들 · AVAN · 단비,2023.07.18 화요일 20:00,202307\17978330846183867.jpg
17976717767158210,Inside Out Busking,이가연 · 윤솔,2023.07.15 토요일 19:00,202307\17976717767158210.jpg
18014041855676110,어썸나이트,효정 · 이다운 · 정온새,2023.07.13 목요일 20:00,202307\18014041855676110.jpg
18017857702720129,어썸나이트,허지수 · 양일구 · 성일,2023.07.11 화요일 20:00,202307\18017857702720129.jpg
17987227271132845,ZANCHI LIVE VOL.4 각자의 신촌,허지욱,2023.07.08 토요일 19:00,202307\17987227271132845.jpg
17993853529845133,Inside Out Busking,이르다 · 1104,2023.07.07 금요일 19:30,202307\17993853529845133.jpg
18071365228379511,어썸나이트,송씨 · NCOM · 이레,2023.07.06 목요일 20:00,202307\18071365228379511.jpg
17969227604305296,어썸나이트,tidy · 김선하,2023.06.29 목요일 20:00,202306\17969227604305296.jpg
17974184882379845,어썸나이트,공재 · 강지나 · 서예은,2023.06.27 화요일 20:00,202306\17974184882379845.jpg
18011319148632396,Inside Out Busking,엉망 · 송씨,2023.06.24 토요일 19:00,202306\18011319148632396.jpg
17990100884035633,어썸나이트,송나리 · Lowten · 박소민,2023.06.22 목요일 20:00,202306\17990100884035633.jpg
17993103241875251,어썸나이트,신선혜 · 박범진 · 도시의 봄,2023.06.20 화요일 20:00,202306\17993103241875251.jpg
18267342082147110,Inside Out Busking,배유나 · 잔향,2023.06.18 일요일 17:00,202306\18267342082147110.jpg
18074073904373666,Inside Out Busking,세진 · 정연,2023.06.17 토요일 19:00,202306\18074073904373666.jpg
17979210395217421,사막화 방지의 날,신윤수 · nokjo · 서승현,2023.06.17 토요일 14:00,202306\17979210395217421.jpg
17979885260080986,어썸나이트,Don't be · 청하나 · 심다빈,2023.06.15 목요일 20:00,202306\17979885260080986.jpg
17932900340587844,A NIGHT AT THE UNPLUGGED - FOLK SONG,공덕 · 고정진 · 황성월,2023.06.10 토요일 19:00,202306\17932900340587844.jpg
18015930637614235,어썸나이트,은유 · 원셉티브 · 이그린,2023.06.08 목요일 20:00,202306\18015930637614235.jpg
17984536913311750,Inside Out Busking,디에고 · 플로라인,2023.06.04 일요일 17:00,202306\17984536913311750.jpg
18014614945608374,Joy In Music - Project #1: Acoustic live Concert,안정민 · 박서윤 · 박주원 · 유창빈 · 김부성 · 김주성 · 이주빈 · 최준원,2023.06.03 토요일 20:00,202306\18014614945608374.jpg
17859708707918928,어썸나이트,장성혜 · 강민주 · 길찬호,2023.06.01 목요일 20:00,202306\17859708707918928.jpg
17935873184553521,ALICE's WONDERLAND,서림 · 기연 · Cozysea,2023.05.28 일요일 19:00,202305\17935873184553521.jpg
18041061646459879,Thank you for the music,로에,2023.05.26 금요일 19:30,202305\18041061646459879.jpg
17996157040756226,어썸나이트,Sean Park · 소라해 · 일구,2023.05.25 목요일 20:00,202305\17996157040756226.jpg
18006523492713244,Inside Out Busking,녹색아보카도 밴드 · 김보리,2023.05.21 일요일 17:00,202305\18006523492713244.jpg
17992419127902247,Inside Out Busking,안필주 · 야떼,2023.05.20 토요일 19:00,202305\17992419127902247.jpg
17970760202335288,Inside Out Busking,찬온 · 정비,2023.05.19 금요일 19:30,202305\17970760202335288.jpg
17925547826700488,어썸나이트,강예섬 · 준서 · 윤지수,2023.05.18 목요일 20:00,202305\17925547826700488.jpg
17959007090319940,Inside Out Busking,주성 · 이제은,2023.05.13 토요일 19:00,202305\17959007090319940.jpg
18267357907182719,어썸나이트,오현성 · 김고윤 · 송씨,2023.05.11 목요일 20:00,202305\18267357907182719.jpg
17976471467278714,어썸나이트,1104 · 보리 · 로이,2023.05.04 목요일 20:00,202305\17976471467278714.jpg
17990275849768929,The Poetry - the beginning,Lee Eun Taek · Yoon Sol · Noh Young Min,2023.04.29 토요일 19:00,202304\17990275849768929.jpg
18025842778463139,어썸나이트,김은수 · 윤형준 · 예로,2023.04.27 목요일 20:00,202304\18025842778463139.jpg
17935559255635941,Inside Out Busking,공덕 · 박다영,2023.04.21 금요일 19:30,202304\17935559255635941.jpg
17982915098048219,어썸나이트,예진 · 섬머 · 여름눈,2023.04.20 목요일 20:00,202304\17982915098048219.jpg
17896624700783759,Inside Out Busking,남윤성 · 서나나,2023.04.16 일요일 17:00,202304\17896624700783759.jpg
17959138424419507,Inside Out Busking,김우주 · 류류 · 박유,2023.04.15 토요일 19:00,202304\17959138424419507.jpg
17967703541464880,어썸나이트,오현성과 파형들 · 주태중 · 동아,2023.04.13 목요일 20:00,202304\17967703541464880.jpg
17894422763716659,Inside Out Busking,서림 · 이더,2023.04.09 일요일 17:00,202304\17894422763716659.jpg
17887853855755414,어썸나이트,기연 · 유다슬 · YAHW!(빠피),2023.04.06 목요일 20:00,202304\17887853855755414.jpg
17897378255778351,어썸나이트,로니 · 드문 · 허지수,2023.03.30 목요일 20:00,202303\17897378255778351.jpg
17879531747981633,VIOLET WONDERLAND,ROSIE · 김승혁 · MODN,2023.03.29 수요일 19:00,202403\17879531747981633.jpg
18249127207198764,Inside Out Busking,찬온 · 여름스웨터,2023.03.26 일요일 17:00,202303\18249127207198764.jpg
18355606645004651,어썸나이트,기봉 · 김선 · 로에,2023.03.23 목요일 20:00,202303\18355606645004651.jpg
17929312556648668,Inside Out Busking,반예림 · 제요한,2023.03.19 일요일 17:00,202303\17929312556648668.jpg
18002547934618885,In Mate Stage,하몽 · 이시은,2023.03.18 토요일 19:00,202303\18002547934618885.jpg
17998480096673508,어썸나이트,윤상연 · 김도현 · 달빛철물점,2023.03.16 목요일 20:00,202303\17998480096673508.jpg
17985295099894936,Inside Out Busking,나은 · 안필주,2023.03.12 일요일 17:00,202303\17985295099894936.jpg
18007900294561724,PROJECT WI-BRO 단독공연,프로젝트 와이브로,2023.03.11 토요일 19:00,202303\18007900294561724.jpg
17997368701665453,어썸나이트,로이 · Palas · 도시의 봄,2023.03.09 목요일 20:00,202303\17997368701665453.jpg
17964339734492306,잔향 - 공간에 남아 스치는 향기,,2023.03.04 토요일 19:00,202303\17964339734492306.jpg
17996571022672302,어썸나이트,나은 · 이인규 · 이제은,2023.03.02 목요일 20:00,202303\17996571022672302.jpg
17961838079113862,Inside Out Busking,웨이드 · 기연,2023.02.26 일요일 17:00,202302\17961838079113862.jpg
17954046158741280,SEOGYO MUSIC FORTRESS,사운드힐즈 · 주시온,2023.02.25 토요일 19:30,202302\17954046158741280.jpg
17885717708790038,Inside Out Busking,최윤지 · 정록,2023.02.25 토요일 19:00,202302\17885717708790038.jpg
17933922581804859,2월의 날씨는,이제은 · 성지아 · 슬,2023.02.23 목요일 20:00,202402\17933922581804859.jpg
18005571529580625,어썸나이트,4jayy · 이제인 · 베이비슈가,2023.02.23 목요일 20:00,202302\18005571529580625.jpg
17976097430003814,미물 - 안티매터키즈 콘서트,안티매터키즈,2023.02.19 일요일 17:00,202302\17976097430003814.jpg
18274470733105445,After Punch Out Concert,황남일 · 고정진 · 현지인 밴드,2023.02.18 토요일 19:00,202302\18274470733105445.jpg
17985312790854618,Rico,Rico,2023.02.17 금요일 19:30,202302\17985312790854618.jpg
17943806492420158,어썸나이트,박현우 · 낮달 · 더 저널,2023.02.16 목요일 20:00,202302\17943806492420158.jpg
17941981190536198,어썸나이트,찬온 · 미로 · 서나나,2023.02.09 목요일 20:00,202302\17941981190536198.jpg
17962482107194403,IN MATE STAGE,김뭄 · 이서,2023.01.29 일요일 15:00,202301\17962482107194403.jpg
17928944951628478,Inside Out Busking,이민규 · 은은,2023.01.28 토요일 19:00,202301\17928944951628478.jpg
17844106841915249,어썸나이트,이윤주 · 코지 · 김초롱,2023.01.26 목요일 20:00,202301\17844106841915249.jpg
18245339023144578,When it snow,그렇게 우리는 음 · 이찬주,2023.01.20 금요일 19:30,202301\18245339023144578.jpg
17998840471613633,어썸나이트,원여울 · 해수 · 포레스트피플(김연욱),2023.01.19 목요일 20:00,202301\17998840471613633.jpg
17948188748454986,Inside Out Busking,안도연 · 김희중 · 김산하,2023.01.13 금요일 19:30,202301\17948188748454986.jpg
18048554902375982,어썸나이트,키엘 · 김정연 · 정록,2023.01.12 목요일 20:00,202301\18048554902375982.jpg
18248571751126207,Inside Out Busking,채리 · 남윤성,2023.01.11 수요일 19:30,202301\18248571751126207.jpg
17974875427818700,1月의 afternoon,권결 · 박준혁,2023.01.08 일요일 17:00,202301\17974875427818700.jpg
17856925502864572,Inside Out Busking,모든 · 임수연,2023.01.07 토요일 19:00,202301\17856925502864572.jpg
18272210773107595,어썸나이트,이토마토 · 영서 · 조은세,2023.01.05 목요일 20:00,202301\18272210773107595.jpg
17970649811056429,어썸나이트,Soffee · 영롱,2022.12.29 목요일 20:00,202212\17970649811056429.jpg
17956317842486781,어썸나이트,Soffee · 키엘 · 영롱,2022.12.29 목요일 20:00,202212\17956317842486781.jpg
18162350917270814,12月의 靑春 II,최연교 · 숨비,2022.12.24 토요일 19:30,202212\18162350917270814.jpg
17954965064214553,12月의 靑春 I,황성월 · 사공,2022.12.23 금요일 19:30,202212\17954965064214553.jpg
18317740273070094,어썸나이트,HASO · 방민석 · Kevin Kaho Tsui,2022.12.22 목요일 20:00,202212\18317740273070094.jpg
17944314986261995,DAISY MUSIC CHRISTMAS PARTY,남새라 · SER!N(쎄린) · 남궁은쥬,2022.12.17 토요일 19:00,202212\17944314986261995.jpg
17955530783257540,어썸나이트,SIMVOKAL · 김늑 · 최하은,2022.12.15 목요일 20:00,202212\17955530783257540.jpg
18233999233159072,Inside Out Busking,배유나 · 원니,2022.12.11 일요일 17:00,202212\18233999233159072.jpg
17938444310338496,Inside Out Busking,마린 · 강이음,2022.12.10 토요일 19:00,202212\17938444310338496.jpg
17959815173303989,Inside Out Busking,하예지 · 김이불,2022.12.09 금요일 19:30,202212\17959815173303989.jpg
17881720616714192,어썸나이트,남윤성 · 청춘살롱 · Wonder,2022.12.08 목요일 20:00,202212\17881720616714192.jpg
17958451676022631,Inside Out Busking,일구 · REST,2022.12.04 일요일 17:00,202212\17958451676022631.jpg
18000995200535345,A Warm Winter,로즈마인,2022.12.03 토요일 15:00,202212\18000995200535345.jpg
17888457560732128,Inside Out Busking,마치,2022.12.02 금요일 19:30,202212\17888457560732128.jpg
17992067689595782,Inside Out Busking,라디오 파라다이스,2022.11.27 일요일 17:00,202211\17992067689595782.jpg
17986590811627765,Inside Out Busking,김산하 · 이무이,2022.11.25 금요일 19:30,202211\17986590811627765.jpg
18004737640519076,어썸나이트,화아 · 아담 · 임준형,2022.11.24 목요일 20:00,202211\18004737640519076.jpg
17933168723393418,Moment,유별 · 원태림 · 진승우 · 이승연,2022.11.20 일요일 17:00,202211\17933168723393418.jpg
17992639141583331,Kimujoo & Nahee,김우주 · 나히,2022.11.18 금요일 19:30,202211\17992639141583331.jpg
17949535412508175,어썸나이트,방학 · 유인서 · 이윤지,2022.11.17 목요일 20:00,202211\17949535412508175.jpg
17962082948065094,Inside Out Busking,순간에서영원까지,2022.11.13 일요일 17:00,202211\17962082948065094.jpg
18240429886126315,Inside Out Busking,수은 · 하몽,2022.11.12 토요일 19:00,202211\18240429886126315.jpg
17961304877062572,Inside Out Busking,데오나 · 홍효일,2022.11.11 금요일 19:30,202211\17961304877062572.jpg
17934830042357314,어썸나이트,찬한 · 장도율 · 릴재우 · 이예현,2022.11.10 목요일 20:00,202211\17934830042357314.jpg
17885031050731998,Moment,유별 · 원태림,2022.10.30 일요일 17:00,202210\17885031050731998.jpg
17997527848489036,Inside Out Busking,이서,2022.10.29 토요일 19:00,202210\17997527848489036.jpg
17880662369746204,Electronic Party Pt.3,올쏭,2022.10.28 금요일 19:30,202210\17880662369746204.jpg
17928801617457004,어썸나이트,이무렵 · 이채도 · 일구,2022.10.27 목요일 20:00,202210\17928801617457004.jpg
17988621271588030,Electronic Party Pt.2,YEDD · 팻햄스터,2022.10.23 일요일 17:00,202210\17988621271588030.jpg
17927776796442548,Electronic Party Pt.1,소동 · 음성녹음,2022.10.22 토요일 19:00,202210\17927776796442548.jpg
17966519047802157,Inside Out Busking,예람,2022.10.21 금요일 19:30,202210\17966519047802157.jpg
18057387463349908,어썸나이트,공솔 · REST · 류용현,2022.10.20 목요일 20:00,202210\18057387463349908.jpg
18218225515088753,어썸나이트,연후 · 흐를 · 안도연,2022.10.13 목요일 20:00,202210\18218225515088753.jpg
18249294217140378,어썸나이트,단비 · 지구27 · 현지혁,2022.10.06 목요일 20:00,202210\18249294217140378.jpg
17947369136224770,10月의 afternoon Pt.2,로즈마일,2022.10.01 토요일 19:30,202210\17947369136224770.jpg
17956382159037019,10月의 afternoon Pt.1,윤수,2022.10.01 토요일 17:00,202210\17956382159037019.jpg
17978179291657238,다함 X 정진,다함 · 정진,2022.09.30 금요일 19:30,202209\17978179291657238.jpg
17979002407656812,어썸나이트,서울촌놈 · 류빈 · 박준혁,2022.09.29 목요일 20:00,202209\17979002407656812.jpg
17961634315910547,INSIDE OUT BUSKING,노푸른,2022.09.23 금요일 19:00,202209\17961634315910547.jpg
18038785615355600,어썸나이트,이제현 · 황성제 · 권결 · 솔아,2022.09.22 목요일 20:00,202209\18038785615355600.jpg
17940404438170132,어썸나이트,전세진 · 박이섭 · 굿우드,2022.09.15 목요일 20:00,202209\17940404438170132.jpg
17959763752819504,INSIDE OUT BUSKING,조형민,2022.09.02 금요일 19:00,202209\17959763752819504.jpg
17920093913566665,어썸나이트,슬 · 남생 · 지현주,2022.09.01 목요일 20:00,202209\17920093913566665.jpg
17948097412997996,INSIDE OUT BUSKING,원더하이,2022.08.28 일요일 17:00,202208\17948097412997996.jpg
17929951505309130,INSIDE OUT BUSKING,도희밴드 · 황성월,2022.08.26 금요일 19:00,202208\17929951505309130.jpg
17942525117483059,어썸나이트,방학 · 홍효일 · 황성월,2022.08.25 목요일 20:00,202208\17942525117483059.jpg
17969236522700399,INSIDE OUT BUSKING,허찬회,2022.08.24 수요일 19:00,202208\17969236522700399.jpg
17967553369765204,INSIDE OUT BUSKING,M.O.N.T RODA · BITSAEON · BEOMHAN · JAY,2022.08.21 일요일 17:00,202208\17967553369765204.jpg
18149282110249506,INSIDE OUT BUSKING,정승수밴드,2022.08.20 토요일 19:00,202208\18149282110249506.jpg
17918098901480070,INSIDE OUT BUSKING,이기현 · 신향,2022.08.19 금요일 19:00,202208\17918098901480070.jpg
18019375174383719,어썸나이트,서주연 · 해밀 · 가드너,2022.08.18 목요일 20:00,202208\18019375174383719.jpg
17936745716482932,INSIDE OUT BUSKING,NoA,2022.08.13 토요일 19:00,202208\17936745716482932.jpg
17972582512647700,INSIDE OUT BUSKING,시몬김현민 · 김태인,2022.08.12 금요일 19:00,202208\17972582512647700.jpg
18229213258177946,INSIDE OUT BUSKING,시몬김현민,2022.08.12 금요일 19:00,202208\18229213258177946.jpg
17947396349002267,어썸나이트,시몬김현민 · 표표 · 팡호밴드,2022.08.11 목요일 20:00,202208\17947396349002267.jpg
17957224552817879,어썸나이트,김물결 · 전세진 · 조형민,2022.08.04 목요일 20:00,202208\17957224552817879.jpg
17921790326378111,어썸나이트,김은수 · 원태림 · 정오월,2022.07.28 목요일 20:00,202207\17921790326378111.jpg
17939809832074343,INSIDE OUT BUSKING,레반밴드,2022.07.24 일요일 17:00,202207\17939809832074343.jpg
17968513069735542,INSIDE OUT BUSKING,정승수밴드,2022.07.24 일요일 15:30,202207\17968513069735542.jpg
17950275710007579,Unplugged Sinchon Rooftop PARTY!,꼬꾸 · 전유동 · 2단찌 · 박소은 · 슈야,2022.07.23 토요일 19:00,202207\17950275710007579.jpg
17886793667619612,INSIDE OUT BUSKING,소르르,2022.07.22 금요일 20:00,202207\17886793667619612.jpg
17975963113611619,어썸나이트,해일 · Choi · 성규정,2022.07.21 목요일 20:00,202207\17975963113611619.jpg
17923289534330403,Unplugged Sinchon Rooftop PARTY!,놀플라워 · 롱아일랜드,2022.07.16 토요일 19:30,202207\17923289534330403.jpg
17978077312568076,INSIDE OUT BUSKING,이승현 · 사유나,2022.07.15 금요일 19:00,202207\17978077312568076.jpg
17971064188641095,어썸나이트,렐릿 · 이무렵 · 도화,2022.07.14 목요일 20:00,202207\17971064188641095.jpg
17919463826358185,Inside out busking,이지연,2022.07.13 수요일 19:00,202207\17919463826358185.jpg
18012501028417750,INSIDE OUT BUSKING,,2022.07.09 토요일 19:00,202207\18012501028417750.jpg
17967256705732578,Inside Out Busking,다함,2022.07.08 금요일 19:00,202207\17967256705732578.jpg
18302711167008726,어썸나이트,단비 · 해밀 · 전도을,2022.07.07 목요일 20:00,202207\18302711167008726.jpg
17975496898581961,Inside Out Busking,김새벽 · 오현진,2022.07.02 토요일 19:00,202207\17975496898581961.jpg
18145697629255960,어썸나이트,해일 · 뉴먼어버디 · 사운드힐즈,2022.06.30 목요일 20:00,202206\18145697629255960.jpg
18141847708270005,어썸나이트,릴재우 · FILIONE · 박현우 · 허민영,2022.06.23 목요일 20:00,202206\18141847708270005.jpg
17867238182724398,6月의 afternoon,빨간의자 · 한살차이,2022.06.19 일요일 17:00,202206\17867238182724398.jpg
17957538154826838,Inside Out Busking,우연,2022.06.18 토요일 19:00,202206\17957538154826838.jpg
17994010078473760,어썸나이트,단비 · 해밀 · 가드너,2022.06.16 목요일 20:00,202206\17994010078473760.jpg
18208194901195994,Inside Out Busking,최연교 · 원니,2022.06.12 일요일 15:00,202206\18208194901195994.jpg
17967000262628883,Surprise Concert!,황선호,2022.06.11 토요일 14:00,202206\17967000262628883.jpg
18202059295084509,어썸나이트,렐릿 · 이윤지 · 서울촌놈,2022.06.09 목요일 20:00,202206\18202059295084509.jpg
17953982125860420,Inside Out Busking,피기 · 도리토리,2022.06.04 토요일 19:30,202206\17953982125860420.jpg
17925722723353236-02,연세로 잠망경 버스킹,슈츠,2022.05.29 일요일 18:00,202205\17925722723353236.jpg
17925722723353236-01,연세로 잠망경 버스킹,아이리스킴,2022.05.29 일요일 17:00,202205\17925722723353236.jpg
18193899685164799,소년과 소녀 }{,카키마젬 · 앨리스,2022.05.28 토요일 19:00,202205\18193899685164799.jpg
17939475671039717,Inside Out Busking,시즈닝,2022.05.27 금요일 20:00,202205\17939475671039717.jpg
17964377389649394,어썸나이트,이채도 · 김은찬 · 준성 · 해밀,2022.05.26 목요일 20:00,202205\17964377389649394.jpg
17913265160369326,INSIDE OUT BUSKING,신향,2022.05.20 금요일 20:00,202205\17913265160369326.jpg
17963047870660315,U:cantabile - 미음 초대전,김수희,2022.05.20 금요일 10:30,202205\17963047870660315.jpg
17922570044258843,어썸나이트,백승이 · 문희제 · 원니,2022.05.19 목요일 20:00,202205\17922570044258843.jpg
17860926008726448,INSIDE OUT BUSKING,사운드힐즈,2022.05.14 토요일 20:00,202205\17860926008726448.jpg
17844563378768560,INSIDE OUT BUSKING,도희밴드,2022.05.13 금요일 20:00,202205\17844563378768560.jpg
17933111624059523,어썸나이트,최연교 · 해밀 · 유별,2022.05.12 목요일 20:00,202205\17933111624059523.jpg
17928531422110783-02,연세로 잠망경 버스킹,넥스트룸파크,2022.05.08 일요일 17:00,202205\17928531422110783.jpg
17928531422110783-01,연세로 잠망경 버스킹,사운드힐즈,2022.05.08 일요일 16:00,202205\17928531422110783.jpg
17912758040361296,INSIDE OUT BUSKING,에이다인 · 황성월 · 이서,2022.05.07 토요일 19:30,202205\17912758040361296.jpg
17903504567545409,INSIDE OUT BUSKING,Blackbird,2022.04.30 토요일 17:00,202204\17903504567545409.jpg
17921607065508909,어썸나이트,뉴먼어버디 · 지엘비 · 이무렵,2022.04.28 목요일 20:00,202204\17921607065508909.jpg
17959160257616276,INSIDE OUT BUSKING,SOTO,2022.04.27 수요일 20:00,202204\17959160257616276.jpg
17951483020718598,INSIDE OUT BUSKING,전다인,2022.04.23 토요일 20:00,202204\17951483020718598.jpg
18004215169388959,INSIDE OUT BUSKING - 콩하나디,콩하나 · n@di,2022.04.22 금요일 20:00,202204\18004215169388959.jpg
17938310566933663,어썸나이트,해일 · 준성 · 릴재우,2022.04.21 목요일 20:00,202204\17938310566933663.jpg
17934519767089883,INSIDE OUT BUSKING,새닉,2022.04.15 금요일 20:00,202204\17934519767089883.jpg
17869173254689044,어썸나이트,정새벽 · 미완결 · 정오월,2022.04.14 목요일 20:00,202204\17869173254689044.jpg
17927687249297175,INSIDE OUT BUSKING,김숙형,2022.04.08 금요일 16:00,202204\17927687249297175.jpg
18038545024334484,어썸나이트,김성준 · 박종범 · 장여름,2022.04.07 목요일 20:00,202204\18038545024334484.jpg
17914309928301150,어썸나이트,이유카 · 황선호 · 준성,2022.03.31 목요일 20:00,202203\17914309928301150.jpg
18220968781141739,Inside Out Busking,피기,2022.03.28 월요일 20:00,202203\18220968781141739.jpg
17935588604052048,3月의 afternoon,유다빈,2022.03.27 일요일 17:00,202203\17935588604052048.jpg
18198726814155691,Inside Out Busking,"Lily, Lily",2022.03.26 토요일 19:00,202203\18198726814155691.jpg
17950459315776793,INSIDE OUT BUSKING,수려한,2022.03.25 금요일 20:00,202203\17950459315776793.jpg
17847473744743663,어썸나이트,Koralo · 해일 · 메이릴리,2022.03.24 목요일 20:00,202203\17847473744743663.jpg
17872927715662517,어썸나이트,원니 · 이예현 · 문희제,2022.03.23 수요일 20:00,202203\17872927715662517.jpg
17968752349550198,INSIDE OUT BUSKING,윈발,2022.03.20 일요일 17:00,202203\17968752349550198.jpg
18203227630177762,INSIDE OUT BUSKING,BABYSUGAR,2022.03.18 금요일 19:00,202203\18203227630177762.jpg
18186294406161117,어썸나이트,허지수 · 새닉 · 박현우 · 이공이공,2022.03.17 목요일 20:00,202203\18186294406161117.jpg
18190958005085522,INSIDE OUT BUSKING,황정환 · 뉴먼어버디,2022.03.13 일요일 17:00,202203\18190958005085522.jpg
18043213249318242,INSIDE OUT BUSKING,이동현,2022.03.12 토요일 19:00,202203\18043213249318242.jpg
18168361468207514,어썸나이트,신민서 · 유예성 · 지엘비,2022.03.10 목요일 20:00,202203\18168361468207514.jpg
17931094471908960,INSIDE OUT BUSKING,삑삑이와 퉁퉁이들,2022.02.27 일요일 19:00,202202\17931094471908960.jpg
17893795298578615,Inside Out Busking,호선 · 화희,2022.02.24 목요일 19:00,202202\17893795298578615.jpg
18199298287146284,어썸나이트,은아영 · 툴키 · 해일,2022.02.23 수요일 20:00,202202\18199298287146284.jpg
17908402619317540,Inside Out Busking,괜찮아요,2022.02.20 일요일 19:00,202202\17908402619317540.jpg
18284607334036629,Inside Out Busking,우연,2022.02.19 토요일 19:00,202202\18284607334036629.jpg
18205071733132408,Inside Out Busking,채명주,2022.02.17 목요일 19:00,202202\18205071733132408.jpg
17939903170883246,어썸나이트,서린 · 원태림 · 심가원 · 성진,2022.02.16 수요일 20:00,202202\17939903170883246.jpg
17933247832962422,Inside Out Busking,남달리 · 굿우드,2022.02.13 일요일 19:00,202202\17933247832962422.jpg
17891316857575017,Inside Out Busking,승현,2022.02.11 금요일 19:00,202202\17891316857575017.jpg
17863385933675147,어썸나이트,굿우드 · 성규정 · 발라듀엣,2022.02.09 수요일 20:00,202202\17863385933675147.jpg
17986729324437547,ALBUM RELEASE SHOW 2,,2022.01.29 토요일 19:00,202201\17986729324437547.jpg
17989545940425684,Inside Out Busking,김승혁,2022.01.28 금요일 19:00,202201\17989545940425684.jpg
17942686606682065,Inside Out Busking,람(Ram),2022.01.27 목요일 19:00,202201\17942686606682065.jpg
17918639759186787,어썸나이트,토리밴드 · 툴키 · 하란,2022.01.26 수요일 20:00,202201\17918639759186787.jpg
17946447850670140,Inside Out Busking,이지연,2022.01.22 토요일 19:00,202201\17946447850670140.jpg
17904375341409110,어썸나이트,라현미 · 주리 · 다목적실,2022.01.19 수요일 20:00,202201\17904375341409110.jpg
17879675414609913,INSIDE OUT BUSKING,빈들에 핀,2022.01.14 금요일 19:30,202201\17879675414609913.jpg
17977358458463333,어썸나이트,준성 · 황선호 · 시즈닝,2022.01.12 수요일 20:00,202201\17977358458463333.jpg
17934231910784800,어썸나이트,Nextroompark · 지쎄와 동서비 · 데이데어,2022.01.05 수요일 20:00,202201\17934231910784800.jpg
17918418353126082,어썸나이트,김차곡 · 뽀꼬로꼬 · 해일 · 영롱,2021.12.29 수요일 20:00,202112\17918418353126082.jpg
17940945943629055,Christmas Concert,애아 · 연음,2021.12.25 토요일 18:00,202112\17940945943629055.jpg
17999111236387888,Santa's On His Way,정민주 · 김형섭 · 정민영 · 유서욱,2021.12.25 토요일 15:00,202112\17999111236387888.jpg
18174987556166864,CHRISTMUAS,,2021.12.24 금요일 19:00,202112\18174987556166864.jpg
17884461920580682,MY BLUE EPISODE,ADYNE · 하몽,2021.12.23 목요일 19:00,202112\17884461920580682.jpg
18006879493375159,어썸나이트,주리 · 공주홍 · 화희 · 반오,2021.12.22 수요일 20:00,202112\18006879493375159.jpg
17966841466495031,미리 메리 크리스마스,승현 · 나연,2021.12.18 토요일 19:30,202112\17966841466495031.jpg
17915592200147546,2021 이덕구 미니 콘서트,이덕구 · 화희,2021.12.17 금요일 19:30,202112\17915592200147546.jpg
18106358497277890,어썸나이트,허버트 · 구르미 · 준성 · 김승혁,2021.12.15 수요일 20:00,202112\18106358497277890.jpg
17948852593609559,겨울에도 혼자누,해나 · 강성민,2021.12.12 일요일 19:00,202112\17948852593609559.jpg
17910133751116615,어썸나이트,Tulki(툴키) · 고정진 · 순우,2021.12.08 수요일 20:00,202112\17910133751116615.jpg
17957449663495442,가니아 단독공연 Part 2 - 밤수성,가니아,2021.11.27 토요일 18:00,202111\17957449663495442.jpg
17923404481951543,INSIDE OUT BUSKING,소르르,2021.11.26 금요일 19:00,202111\17923404481951543.jpg
17939563399684194,어썸나이트,굿우드 · 성오 · 승현,2021.11.24 수요일 20:00,202111\17939563399684194.jpg
17906627642248840,어썸나이트,파효 · 현지혁 · 준성 · jisee,2021.11.17 수요일 20:00,202111\17906627642248840.jpg
18206129806108231,어썸나이트,조슈아 · 빈들에 핀 · 은아영,2021.11.03 수요일 20:00,202111\18206129806108231.jpg
17926616839820876,Inside Out Busking,류수현 · 정새벽,2021.10.30 토요일 19:00,202110\17926616839820876.jpg
17927993473808344,어썸나이트,강성민 · 김승혁 · MADDYXP · Ji_iN(지인),2021.10.27 수요일 20:00,202110\17927993473808344.jpg
17864110427585649,INSIDE OUT BUSKING,은짱,2021.10.23 토요일 17:00,202110\17864110427585649.jpg
17892941309404181,어썸나이트,남생 · 진솔 · 나히 · Jisee · 서린,2021.10.20 수요일 20:00,202110\17892941309404181.jpg
17882113508470914,Inside Out Busking,CANTABILE,2021.10.09 토요일 19:00,202110\17882113508470914.webp
17941712581584555,어썸나이트,베이비 슈가 · 수려한 · 모레 · 김승혁,2021.09.22 수요일 20:00,202109\17941712581584555.jpg
17919572335818579,Inside Out Busking,김파다,2021.09.18 토요일 18:00,202109\17919572335818579.jpg
17889961199318337,어썸나이트,박해원 · 하수민 · 류하 · 준성,2021.09.15 수요일 20:00,202109\17889961199318337.jpg
17885766317467663,한 여름 밤의 꿈,연음 · 애아,2021.08.28 토요일 18:00,202108\17885766317467663.jpg
18250418776002300,어썸나이트,정원 · 이무이 · Ji_iN(지인),2021.08.25 수요일 20:00,202108\18250418776002300.jpg
18243181075044201,어썸나이트,전다인 · 공솔 · 제린,2021.08.18 수요일 20:00,202108\18243181075044201.jpg
18197487955098830,어썸나이트,김재슬 · 스코브 · 준성,2021.08.11 수요일 20:00,202108\18197487955098830.jpg
17924102767731432,INSIDE OUT BUSKING,요즈음 (Yo:Zum),2021.07.30 금요일 19:30,202107\17924102767731432.jpg
17885344745360399,어썸나이트,이원 · 노아 · 허지수,2021.07.21 수요일 20:00,202107\17885344745360399.jpg
17869850651524766,어썸나이트,수안 · 준성 · 민광진,2021.07.14 수요일 20:00,202107\17869850651524766.jpg
17901047702088214,Inside Out Busking,김숙형 · 지구27,2021.07.10 토요일 15:00,202107\17901047702088214.jpg
17899099385017847,INSIDE OUT BUSKING,KUNO · 강준혁,2021.07.09 금요일 19:30,202107\17899099385017847.jpg
17989911286368004,어썸나이트,버터 · 안형진 · 하수민,2021.07.07 수요일 20:00,202107\17989911286368004.jpg
17878303943406193,INSIDE OUT BUSKING,최솜,2021.07.03 토요일 15:00,202107\17878303943406193.jpg
17842223153621819,Inside Out Busking,NEP 8,2021.07.02 금요일 19:30,202107\17842223153621819.jpg
17875808840364419,바다의 태풍,바다의 · 곽태풍,2021.06.28 월요일 19:00,202106\17875808840364419.jpg
17872004846437019,연음/애아 콘서트,연음 · 애아,2021.06.27 일요일 18:00,202106\17872004846437019.jpg
17881587377362314,Inside Out Busking,가니아,2021.06.26 토요일 15:00,202106\17881587377362314.jpg
17965188997395681,어썸나이트,연음 · 애아 · 준성,2021.06.22 화요일 20:00,202106\17965188997395681.jpg
17871907472414563,Heyrin,Heyrin,2021.06.19 토요일 18:00,202106\17871907472414563.jpg
17920668343671428,Inside Out Busking,소르르 · 요즈음 (Yo:zum),2021.06.18 금요일 19:30,202106\17920668343671428.jpg
17894237780150185,어썸나이트,길찬호 · 김승혁 · 지구27,2021.06.15 화요일 20:00,202106\17894237780150185.jpg
17857000700556701,어썸나이트,체온 · Blackbird · KUNO,2021.06.08 화요일 20:00,202106\17857000700556701.jpg
17996670568317825,봄날의 가디건,베이비슈가 · 안꼬,2021.06.05 토요일 15:00,202105\17996670568317825.jpg
17890512785178318,어썸나이트,민주희 · 천시집 · 최연교,2021.06.01 화요일 19:30,202106\17890512785178318.jpg
17872723622465872,The book; 쉼표 chapter1,기면승 · 유용호,2021.05.29 토요일 18:00,202105\17872723622465872.jpg
17894227640015751,Inside Out Busking,NEP 8 · 최지훈,2021.05.28 금요일 19:30,202105\17894227640015751.jpg
18230225980026500,어썸나이트,문희제 · 진성건 · 여르미 · 헤이린,2021.05.25 화요일 20:00,202105\18230225980026500.jpg
17872373330423645,Inside Out Busking,빈들에 핀 · 임현섭,2021.05.21 금요일 19:30,202105\17872373330423645.jpg
17884362152259901,어썸나이트,달리아킴 · 아이리스킴 · 허버트,2021.05.18 화요일 20:00,202105\17884362152259901.jpg
17902318912907816-02,심각한 개구리 X 흔한이름,심각한 개구리 · 흔한이름,2021.05.15 토요일 19:00,202105\17902318912907816.jpg
17902318912907816-01,심각한 개구리 X 흔한이름,심각한 개구리 · 흔한이름,2021.05.15 토요일 18:00,202105\17902318912907816.jpg
17888984531145958-02,Inside Out Busking,리엘,2021.05.14 금요일 20:00,202105\17888984531145958.jpg
17888984531145958-01,Inside Out Busking,홍하,2021.05.14 금요일 19:00,202105\17888984531145958.jpg
17919097885638544,어썸나이트,승헌 · 시한송 · 에이다인 · 지자매,2021.05.11 화요일 20:00,202105\17919097885638544.jpg
17915908864674902,Inside Out Busking,루리 (RuLee),2021.05.07 금요일 19:30,202105\17915908864674902.jpg
17910530365766755,어썸나이트,고정진 · 김재현 · 클루어드 · ETC,2021.05.04 화요일 20:00,202105\17910530365766755.jpg
17872165607385895,Inside Out Busking,지구27,2021.05.01 토요일 15:00,202105\17872165607385895.jpg
18080843098264241-02,INSIDE OUT BUSKING,오현진,2021.04.24 토요일 16:00,202104\18080843098264241.jpg
18080843098264241-01,INSIDE OUT BUSKING,PLAYKIM,2021.04.24 토요일 15:00,202104\18080843098264241.jpg
17964902524393196,Inside Out Busking,천바룻,2021.04.23 금요일 19:30,202104\17964902524393196.jpg
17926802587527360,어썸나이트,베이비 슈가 · 수정 · 하지훈 · 허버트,2021.03.30 화요일 20:00,202103\17926802587527360.jpg
17909029867694182,Inside Out Busking,지구27 · 릴리노트,2021.03.27 토요일 15:00,202103\17909029867694182.jpg
17961461182392960,Inside Out Busking,하몽 · 토르토르,2021.03.26 금요일 20:00,202103\17961461182392960.jpg
17903309824795059,어썸나이트,진솔 · 나희 · 리필 (RE:FEEL) · 이예현 · Huen (후엔),2021.03.23 화요일 20:00,202103\17903309824795059.jpg
17901032692808225,Inside Out Busking,김새벽 오현진 밴드,2021.03.20 토요일 20:00,202103\17901032692808225.jpg
17859839798460772,Inside Out Busking,루리 (RuLee) · 심각한 개구리,2021.03.19 금요일 19:30,202103\17859839798460772.jpg
18103925026212663,어썸나이트,허지수 · 남생 · 김나연 · 시월애,2021.03.16 화요일 20:00,202103\18103925026212663.jpg
17878589764940747,김새벽 & 오현진,김새벽 · 오현진,2020.11.27 금요일 19:00,202011\17878589764940747.jpg
17851545056366146,남새라,남새라,2020.11.21 토요일 18:00,202011\17851545056366146.jpg
18140350975104219,b101,b101,2020.11.20 금요일 20:00,202011\18140350975104219.jpg
18172070776013110,루아민,루아민,2020.11.14 토요일 18:00,202011\18172070776013110.jpg
18170329978053100,수연이,수연이,2020.11.07 토요일 18:00,202011\18170329978053100.jpg
17876458444939132,심각한 개구리,심각한 개구리,2020.10.31 토요일 18:00,202010\17876458444939132.jpg
17884968109782733,이서,이서,2020.10.24 토요일 18:00,202010\17884968109782733.jpg
18163276789051103,연어초밥,연어초밥,2020.10.11 일요일 18:00,202010\18163276789051103.jpg
17847660065344491,Blique,Blique,2020.10.10 토요일 18:00,202010\17847660065344491.jpg
17926265551432940,김슬기,김슬기,2020.09.19 토요일 18:00,202009\17926265551432940.jpg
17868983851910032,JUNG TUNE,정튠,2020.08.15 토요일 18:00,202008\17868983851910032.jpg
18241709482056435,Inside Out Busking,Mersie,2020.08.07 금요일 15:00,202008\18241709482056435.jpg
17894586673548880,CHA SO YEON,CHA SO YEON,2020.07.25 토요일 18:00,202007\17894586673548880.jpg
17856356594102773,장미소,장미소,2020.07.24 금요일 20:00,202007\17856356594102773.jpg
17860155605006042,DANCE WITH ME,KIM YOUNG WON,2020.07.19 일요일 18:00,202007\17860155605006042.jpg
17849669069168729,GEUNSU,GEUNSU,2020.07.18 토요일 18:00,202007\17849669069168729.jpg
18067856998218701,임수빈,임수빈,2020.07.11 토요일 19:00,202007\18067856998218701.jpg
18030782881300736,정튠,정튠 (Jungtune),2020.07.04 토요일 19:00,202007\18030782881300736.jpg
17846214572148816,김조영 & 유은호,김조영 · 유은호,2020.06.07 일요일 19:00,202006\17846214572148816.jpg
17851476572084118,Seo Young Tak,Seo Young Tak · 박종범,2020.06.06 토요일 19:00,202006\17851476572084118.jpg
17884507417589015-02,쇠줄연대,양원주,2020.05.31 일요일 17:00,202005\17884507417589015.jpg
17866660516791181,루아민,루아민,2020.05.30 토요일 19:00,202005\17866660516791181.jpg
17884507417589015-01,쇠줄연대,송영석 · 최성민,2020.05.30 토요일 17:00,202005\17884507417589015.jpg
17852316257004500,두번째 오후,두번째 오후,2020.05.09 토요일 19:00,202005\17852316257004500.jpg
18098481727154958,GUNTAC,GUNTAC,2020.05.03 일요일 19:00,202005\18098481727154958.jpg
18059848786220436,OHYOUNG,OHYOUNG,2020.05.02 토요일 19:00,202005\18059848786220436.jpg
18061563916208483,컨벌스,컨벌스,2020.04.30 목요일 17:00,202004\18061563916208483.jpg
17872857667669916,조영빈,조영빈,2020.04.26 일요일 17:00,202004\17872857667669916.jpg
18092204008167314,장현덕,장현덕 (joker july jang),2020.04.25 토요일 19:00,202004\18092204008167314.jpg
17873354302654180,checkhey,checkhey,2020.04.19 일요일 17:00,202004\17873354302654180.jpg
17872302730655658,Jung Seung Soo,Jung Seung Soo,2020.04.18 토요일 18:00,202004\17872302730655658.jpg
17851694977978506,두왑사운즈,두왑사운즈 (Doowopsounds),2020.04.11 토요일 18:00,202004\17851694977978506.jpg
17856413722765611,도리토리,도리토리,2020.02.23 일요일 18:00,202002\17856413722765611.jpg
18052841248214791,1 SET,예진 · 후아유,2020.02.22 토요일 18:00,202002\18052841248214791.jpg
18087884938157096,NE/ma · T.na · Yellow Dizzy,NE/ma · T.na · Yellow Dizzy,2020.02.21 금요일 19:00,202002\18087884938157096.jpg
17915279719388278,NOW PLAYING,조원국,2020.02.16 일요일 15:00,202002\17915279719388278.jpg
17861359102708444,NOW PLAYING,임수빈,2020.02.15 토요일 15:00,202002\17861359102708444.jpg
17893888387456309,NOW PLAYING,아무사이 (AHMUSAI),2020.02.14 금요일 19:00,202002\17893888387456309.jpg
17890851895460628,NOW PLAYING,MERSIE 멸치,2020.02.13 목요일 19:00,202002\17890851895460628.jpg
17876153065535985-03,임은솔,임은솔,2020.02.09 일요일 15:00,202002\17876153065535985.jpg
17885307406483556,TAEBAK · Lim Haeum · Paul Cho · Life of Van Gogh,TAEBAK · Lim Haeum · Paul Cho · Life of Van Gogh,2020.02.08 토요일 19:00,202002\17885307406483556.jpg
17876153065535985-02,로쿠,로쿠,2020.02.07 금요일 19:00,202002\17876153065535985.jpg
17876153065535985-01,임유정,임유정,2020.02.06 목요일 19:00,202002\17876153065535985.jpg
17892272700018500,CrossRoads in Unplugged Seogyo,이세현밴드 · 소맥모닝 · 990001 · 스물둘 · 최초로 만든 무지바지 · 김민주,,202406\17892272700018500.jpg
18031144414818758,R-SIH THE FIRST CONCERT: 초월,R-SIH,,202405\18031144414818758.jpg
18015172742260078,草綠 - 완연한 봄의 이야기,현서 · 원니 · 임예송,,202404\18015172742260078.jpg
18068834251651261,가을저녁 음악산책,코지 · 다예 · 유현주,,202411\18068834251651261.jpg
18135836911500416,서교음악다방 Live,박해원 · 소리,,202602\18135836911500416.jpg
17908291509244834,Rosie · 황찬욱 · 이제은 · 희,Rosie · 황찬욱 · 이제은 · 희,,202510\17908291509244834.jpg
18352071685083620,新世界,모우들 · 랜딩기어 · 시오,,202508\18352071685083620.jpg
18085367509825788,新世界,공공카펫 · 더리프,,202508\18085367509825788.jpg
18094235455774273,우리도 함께이고,구기훈,,202510\18094235455774273.jpg
17960455220717383,꽃샘추위 대피소,소리 · 주태중 · 허지욱,,202403\17960455220717383.jpg
